date,매출액,영업이익,당기순이익,자산,부채,자본,유동비율,부채비율,영업이익률,ROA,ROIC,PER,PSR,PCR,PBR,총현금흐름,종목코드,종목명,ROE
2020/12,,,,,,,262.2,37.1,15.2,7.2,17.2,21.09,2.32,9.75,2.06,564882,A005930.KS,삼성전자,
2021/12,2796048.0,516339.0,399075.0,4266212.0,1217212.0,3048999.0,247.6,39.9,18.5,9.9,23.9,13.55,1.90,7.24,1.80,728698,A005930.KS,삼성전자,13.088721905123615
2022/12,3022314.0,433766.0,556541.0,4484245.0,936749.0,3547496.0,278.9,26.4,14.4,12.7,25.9,6.86,1.24,4.00,1.09,910900,A005930.KS,삼성전자,15.688277026950843
2023/12,2589355.0,65670.0,154871.0,4559060.0,922281.0,3636779.0,258.8,25.4,2.5,3.4,3.8,36.84,2.06,10.03,1.51,479071,A005930.KS,삼성전자,4.258466076712388
2024/03,719156.0,66060.0,67547.0,4708998.0,989837.0,3719161.0,255.0,26.6,9.2,5.8,8.7,,,,1.54,157408,A005930.KS,삼성전자,1.8161891889057775
2020/12,,,,,,,262.2,37.1,15.2,7.2,17.2,21.09,2.32,9.75,2.06,564882,A000660.KS,SK하이닉스,
2021/12,2796048.0,516339.0,399075.0,4266212.0,1217212.0,3048999.0,247.6,39.9,18.5,9.9,23.9,13.55,1.90,7.24,1.80,728698,A000660.KS,SK하이닉스,13.088721905123615
2022/12,3022314.0,433766.0,556541.0,4484245.0,936749.0,3547496.0,278.9,26.4,14.4,12.7,25.9,6.86,1.24,4.00,1.09,910900,A000660.KS,SK하이닉스,15.688277026950843
2023/12,2589355.0,65670.0,154871.0,4559060.0,922281.0,3636779.0,258.8,25.4,2.5,3.4,3.8,36.84,2.06,10.03,1.51,479071,A000660.KS,SK하이닉스,4.258466076712388
2024/03,719156.0,66060.0,67547.0,4708998.0,989837.0,3719161.0,255.0,26.6,9.2,5.8,8.7,,,,1.54,157408,A000660.KS,SK하이닉스,1.8161891889057775
2020/12,,,,,,,262.2,37.1,15.2,7.2,17.2,21.09,2.32,9.75,2.06,564882,A373220.KS,LG에너지솔루션,
2021/12,2796048.0,516339.0,399075.0,4266212.0,1217212.0,3048999.0,247.6,39.9,18.5,9.9,23.9,13.55,1.90,7.24,1.80,728698,A373220.KS,LG에너지솔루션,13.088721905123615
2022/12,3022314.0,433766.0,556541.0,4484245.0,936749.0,3547496.0,278.9,26.4,14.4,12.7,25.9,6.86,1.24,4.00,1.09,910900,A373220.KS,LG에너지솔루션,15.688277026950843
2023/12,2589355.0,65670.0,154871.0,4559060.0,922281.0,3636779.0,258.8,25.4,2.5,3.4,3.8,36.84,2.06,10.03,1.51,479071,A373220.KS,LG에너지솔루션,4.258466076712388
2024/03,719156.0,66060.0,67547.0,4708998.0,989837.0,3719161.0,255.0,26.6,9.2,5.8,8.7,,,,1.54,157408,A373220.KS,LG에너지솔루션,1.8161891889057775
2020/12,,,,,,,262.2,37.1,15.2,7.2,17.2,21.09,2.32,9.75,2.06,564882,A207940.KS,삼성바이오로직스,
2021/12,2796048.0,516339.0,399075.0,4266212.0,1217212.0,3048999.0,247.6,39.9,18.5,9.9,23.9,13.55,1.90,7.24,1.80,728698,A207940.KS,삼성바이오로직스,13.088721905123615
2022/12,3022314.0,433766.0,556541.0,4484245.0,936749.0,3547496.0,278.9,26.4,14.4,12.7,25.9,6.86,1.24,4.00,1.09,910900,A207940.KS,삼성바이오로직스,15.688277026950843
2023/12,2589355.0,65670.0,154871.0,4559060.0,922281.0,3636779.0,258.8,25.4,2.5,3.4,3.8,36.84,2.06,10.03,1.51,479071,A207940.KS,삼성바이오로직스,4.258466076712388
2024/03,719156.0,66060.0,67547.0,4708998.0,989837.0,3719161.0,255.0,26.6,9.2,5.8,8.7,,,,1.54,157408,A207940.KS,삼성바이오로직스,1.8161891889057775
2020/12,,,,,,,262.2,37.1,15.2,7.2,17.2,21.09,2.32,9.75,2.06,564882,A005935.KS,삼성전자우,
2021/12,2796048.0,516339.0,399075.0,4266212.0,1217212.0,3048999.0,247.6,39.9,18.5,9.9,23.9,13.55,1.90,7.24,1.80,728698,A005935.KS,삼성전자우,13.088721905123615
2022/12,3022314.0,433766.0,556541.0,4484245.0,936749.0,3547496.0,278.9,26.4,14.4,12.7,25.9,6.86,1.24,4.00,1.09,910900,A005935.KS,삼성전자우,15.688277026950843
2023/12,2589355.0,65670.0,154871.0,4559060.0,922281.0,3636779.0,258.8,25.4,2.5,3.4,3.8,36.84,2.06,10.03,1.51,479071,A005935.KS,삼성전자우,4.258466076712388
2024/03,719156.0,66060.0,67547.0,4708998.0,989837.0,3719161.0,255.0,26.6,9.2,5.8,8.7,,,,1.54,157408,A005935.KS,삼성전자우,1.8161891889057775
2020/12,,,,,,,262.2,37.1,15.2,7.2,17.2,21.09,2.32,9.75,2.06,564882,A005380.KS,현대차,
2021/12,2796048.0,516339.0,399075.0,4266212.0,1217212.0,3048999.0,247.6,39.9,18.5,9.9,23.9,13.55,1.90,7.24,1.80,728698,A005380.KS,현대차,13.088721905123615
2022/12,3022314.0,433766.0,556541.0,4484245.0,936749.0,3547496.0,278.9,26.4,14.4,12.7,25.9,6.86,1.24,4.00,1.09,910900,A005380.KS,현대차,15.688277026950843
2023/12,2589355.0,65670.0,154871.0,4559060.0,922281.0,3636779.0,258.8,25.4,2.5,3.4,3.8,36.84,2.06,10.03,1.51,479071,A005380.KS,현대차,4.258466076712388
2024/03,719156.0,66060.0,67547.0,4708998.0,989837.0,3719161.0,255.0,26.6,9.2,5.8,8.7,,,,1.54,157408,A005380.KS,현대차,1.8161891889057775
2020/12,,,,,,,262.2,37.1,15.2,7.2,17.2,21.09,2.32,9.75,2.06,564882,A068270.KS,셀트리온,
2021/12,2796048.0,516339.0,399075.0,4266212.0,1217212.0,3048999.0,247.6,39.9,18.5,9.9,23.9,13.55,1.90,7.24,1.80,728698,A068270.KS,셀트리온,13.088721905123615
2022/12,3022314.0,433766.0,556541.0,4484245.0,936749.0,3547496.0,278.9,26.4,14.4,12.7,25.9,6.86,1.24,4.00,1.09,910900,A068270.KS,셀트리온,15.688277026950843
2023/12,2589355.0,65670.0,154871.0,4559060.0,922281.0,3636779.0,258.8,25.4,2.5,3.4,3.8,36.84,2.06,10.03,1.51,479071,A068270.KS,셀트리온,4.258466076712388
2024/03,719156.0,66060.0,67547.0,4708998.0,989837.0,3719161.0,255.0,26.6,9.2,5.8,8.7,,,,1.54,157408,A068270.KS,셀트리온,1.8161891889057775
2020/12,,,,,,,262.2,37.1,15.2,7.2,17.2,21.09,2.32,9.75,2.06,564882,A000270.KS,기아,
2021/12,2796048.0,516339.0,399075.0,4266212.0,1217212.0,3048999.0,247.6,39.9,18.5,9.9,23.9,13.55,1.90,7.24,1.80,728698,A000270.KS,기아,13.088721905123615
2022/12,3022314.0,433766.0,556541.0,4484245.0,936749.0,3547496.0,278.9,26.4,14.4,12.7,25.9,6.86,1.24,4.00,1.09,910900,A000270.KS,기아,15.688277026950843
2023/12,2589355.0,65670.0,154871.0,4559060.0,922281.0,3636779.0,258.8,25.4,2.5,3.4,3.8,36.84,2.06,10.03,1.51,479071,A000270.KS,기아,4.258466076712388
2024/03,719156.0,66060.0,67547.0,4708998.0,989837.0,3719161.0,255.0,26.6,9.2,5.8,8.7,,,,1.54,157408,A000270.KS,기아,1.8161891889057775
2020/12,,,,,,,262.2,37.1,15.2,7.2,17.2,21.09,2.32,9.75,2.06,564882,A105560.KS,KB금융,
2021/12,2796048.0,516339.0,399075.0,4266212.0,1217212.0,3048999.0,247.6,39.9,18.5,9.9,23.9,13.55,1.90,7.24,1.80,728698,A105560.KS,KB금융,13.088721905123615
2022/12,3022314.0,433766.0,556541.0,4484245.0,936749.0,3547496.0,278.9,26.4,14.4,12.7,25.9,6.86,1.24,4.00,1.09,910900,A105560.KS,KB금융,15.688277026950843
2023/12,2589355.0,65670.0,154871.0,4559060.0,922281.0,3636779.0,258.8,25.4,2.5,3.4,3.8,36.84,2.06,10.03,1.51,479071,A105560.KS,KB금융,4.258466076712388
2024/03,719156.0,66060.0,67547.0,4708998.0,989837.0,3719161.0,255.0,26.6,9.2,5.8,8.7,,,,1.54,157408,A105560.KS,KB금융,1.8161891889057775
2020/12,,,,,,,262.2,37.1,15.2,7.2,17.2,21.09,2.32,9.75,2.06,564882,A005490.KS,POSCO홀딩스,
2021/12,2796048.0,516339.0,399075.0,4266212.0,1217212.0,3048999.0,247.6,39.9,18.5,9.9,23.9,13.55,1.90,7.24,1.80,728698,A005490.KS,POSCO홀딩스,13.088721905123615
2022/12,3022314.0,433766.0,556541.0,4484245.0,936749.0,3547496.0,278.9,26.4,14.4,12.7,25.9,6.86,1.24,4.00,1.09,910900,A005490.KS,POSCO홀딩스,15.688277026950843
2023/12,2589355.0,65670.0,154871.0,4559060.0,922281.0,3636779.0,258.8,25.4,2.5,3.4,3.8,36.84,2.06,10.03,1.51,479071,A005490.KS,POSCO홀딩스,4.258466076712388
2024/03,719156.0,66060.0,67547.0,4708998.0,989837.0,3719161.0,255.0,26.6,9.2,5.8,8.7,,,,1.54,157408,A005490.KS,POSCO홀딩스,1.8161891889057775
2020/12,,,,,,,262.2,37.1,15.2,7.2,17.2,21.09,2.32,9.75,2.06,564882,A055550.KS,신한지주,
2021/12,2796048.0,516339.0,399075.0,4266212.0,1217212.0,3048999.0,247.6,39.9,18.5,9.9,23.9,13.55,1.90,7.24,1.80,728698,A055550.KS,신한지주,13.088721905123615
2022/12,3022314.0,433766.0,556541.0,4484245.0,936749.0,3547496.0,278.9,26.4,14.4,12.7,25.9,6.86,1.24,4.00,1.09,910900,A055550.KS,신한지주,15.688277026950843
2023/12,2589355.0,65670.0,154871.0,4559060.0,922281.0,3636779.0,258.8,25.4,2.5,3.4,3.8,36.84,2.06,10.03,1.51,479071,A055550.KS,신한지주,4.258466076712388
2024/03,719156.0,66060.0,67547.0,4708998.0,989837.0,3719161.0,255.0,26.6,9.2,5.8,8.7,,,,1.54,157408,A055550.KS,신한지주,1.8161891889057775
2020/12,,,,,,,262.2,37.1,15.2,7.2,17.2,21.09,2.32,9.75,2.06,564882,A035420.KS,NAVER,
2021/12,2796048.0,516339.0,399075.0,4266212.0,1217212.0,3048999.0,247.6,39.9,18.5,9.9,23.9,13.55,1.90,7.24,1.80,728698,A035420.KS,NAVER,13.088721905123615
2022/12,3022314.0,433766.0,556541.0,4484245.0,936749.0,3547496.0,278.9,26.4,14.4,12.7,25.9,6.86,1.24,4.00,1.09,910900,A035420.KS,NAVER,15.688277026950843
2023/12,2589355.0,65670.0,154871.0,4559060.0,922281.0,3636779.0,258.8,25.4,2.5,3.4,3.8,36.84,2.06,10.03,1.51,479071,A035420.KS,NAVER,4.258466076712388
2024/03,719156.0,66060.0,67547.0,4708998.0,989837.0,3719161.0,255.0,26.6,9.2,5.8,8.7,,,,1.54,157408,A035420.KS,NAVER,1.8161891889057775
2020/12,,,,,,,262.2,37.1,15.2,7.2,17.2,21.09,2.32,9.75,2.06,564882,A028260.KS,삼성물산,
2021/12,2796048.0,516339.0,399075.0,4266212.0,1217212.0,3048999.0,247.6,39.9,18.5,9.9,23.9,13.55,1.90,7.24,1.80,728698,A028260.KS,삼성물산,13.088721905123615
2022/12,3022314.0,433766.0,556541.0,4484245.0,936749.0,3547496.0,278.9,26.4,14.4,12.7,25.9,6.86,1.24,4.00,1.09,910900,A028260.KS,삼성물산,15.688277026950843
2023/12,2589355.0,65670.0,154871.0,4559060.0,922281.0,3636779.0,258.8,25.4,2.5,3.4,3.8,36.84,2.06,10.03,1.51,479071,A028260.KS,삼성물산,4.258466076712388
2024/03,719156.0,66060.0,67547.0,4708998.0,989837.0,3719161.0,255.0,26.6,9.2,5.8,8.7,,,,1.54,157408,A028260.KS,삼성물산,1.8161891889057775
2020/12,,,,,,,262.2,37.1,15.2,7.2,17.2,21.09,2.32,9.75,2.06,564882,A006400.KS,삼성SDI,
2021/12,2796048.0,516339.0,399075.0,4266212.0,1217212.0,3048999.0,247.6,39.9,18.5,9.9,23.9,13.55,1.90,7.24,1.80,728698,A006400.KS,삼성SDI,13.088721905123615
2022/12,3022314.0,433766.0,556541.0,4484245.0,936749.0,3547496.0,278.9,26.4,14.4,12.7,25.9,6.86,1.24,4.00,1.09,910900,A006400.KS,삼성SDI,15.688277026950843
2023/12,2589355.0,65670.0,154871.0,4559060.0,922281.0,3636779.0,258.8,25.4,2.5,3.4,3.8,36.84,2.06,10.03,1.51,479071,A006400.KS,삼성SDI,4.258466076712388
2024/03,719156.0,66060.0,67547.0,4708998.0,989837.0,3719161.0,255.0,26.6,9.2,5.8,8.7,,,,1.54,157408,A006400.KS,삼성SDI,1.8161891889057775
2020/12,,,,,,,262.2,37.1,15.2,7.2,17.2,21.09,2.32,9.75,2.06,564882,A051910.KS,LG화학,
2021/12,2796048.0,516339.0,399075.0,4266212.0,1217212.0,3048999.0,247.6,39.9,18.5,9.9,23.9,13.55,1.90,7.24,1.80,728698,A051910.KS,LG화학,13.088721905123615
2022/12,3022314.0,433766.0,556541.0,4484245.0,936749.0,3547496.0,278.9,26.4,14.4,12.7,25.9,6.86,1.24,4.00,1.09,910900,A051910.KS,LG화학,15.688277026950843
2023/12,2589355.0,65670.0,154871.0,4559060.0,922281.0,3636779.0,258.8,25.4,2.5,3.4,3.8,36.84,2.06,10.03,1.51,479071,A051910.KS,LG화학,4.258466076712388
2024/03,719156.0,66060.0,67547.0,4708998.0,989837.0,3719161.0,255.0,26.6,9.2,5.8,8.7,,,,1.54,157408,A051910.KS,LG화학,1.8161891889057775
2020/12,,,,,,,262.2,37.1,15.2,7.2,17.2,21.09,2.32,9.75,2.06,564882,A012330.KS,현대모비스,
2021/12,2796048.0,516339.0,399075.0,4266212.0,1217212.0,3048999.0,247.6,39.9,18.5,9.9,23.9,13.55,1.90,7.24,1.80,728698,A012330.KS,현대모비스,13.088721905123615
2022/12,3022314.0,433766.0,556541.0,4484245.0,936749.0,3547496.0,278.9,26.4,14.4,12.7,25.9,6.86,1.24,4.00,1.09,910900,A012330.KS,현대모비스,15.688277026950843
2023/12,2589355.0,65670.0,154871.0,4559060.0,922281.0,3636779.0,258.8,25.4,2.5,3.4,3.8,36.84,2.06,10.03,1.51,479071,A012330.KS,현대모비스,4.258466076712388
2024/03,719156.0,66060.0,67547.0,4708998.0,989837.0,3719161.0,255.0,26.6,9.2,5.8,8.7,,,,1.54,157408,A012330.KS,현대모비스,1.8161891889057775
2020/12,,,,,,,262.2,37.1,15.2,7.2,17.2,21.09,2.32,9.75,2.06,564882,A329180.KS,HD현대중공업,
2021/12,2796048.0,516339.0,399075.0,4266212.0,1217212.0,3048999.0,247.6,39.9,18.5,9.9,23.9,13.55,1.90,7.24,1.80,728698,A329180.KS,HD현대중공업,13.088721905123615
2022/12,3022314.0,433766.0,556541.0,4484245.0,936749.0,3547496.0,278.9,26.4,14.4,12.7,25.9,6.86,1.24,4.00,1.09,910900,A329180.KS,HD현대중공업,15.688277026950843
2023/12,2589355.0,65670.0,154871.0,4559060.0,922281.0,3636779.0,258.8,25.4,2.5,3.4,3.8,36.84,2.06,10.03,1.51,479071,A329180.KS,HD현대중공업,4.258466076712388
2024/03,719156.0,66060.0,67547.0,4708998.0,989837.0,3719161.0,255.0,26.6,9.2,5.8,8.7,,,,1.54,157408,A329180.KS,HD현대중공업,1.8161891889057775
2020/12,,,,,,,262.2,37.1,15.2,7.2,17.2,21.09,2.32,9.75,2.06,564882,A086790.KS,하나금융지주,
2021/12,2796048.0,516339.0,399075.0,4266212.0,1217212.0,3048999.0,247.6,39.9,18.5,9.9,23.9,13.55,1.90,7.24,1.80,728698,A086790.KS,하나금융지주,13.088721905123615
2022/12,3022314.0,433766.0,556541.0,4484245.0,936749.0,3547496.0,278.9,26.4,14.4,12.7,25.9,6.86,1.24,4.00,1.09,910900,A086790.KS,하나금융지주,15.688277026950843
2023/12,2589355.0,65670.0,154871.0,4559060.0,922281.0,3636779.0,258.8,25.4,2.5,3.4,3.8,36.84,2.06,10.03,1.51,479071,A086790.KS,하나금융지주,4.258466076712388
2024/03,719156.0,66060.0,67547.0,4708998.0,989837.0,3719161.0,255.0,26.6,9.2,5.8,8.7,,,,1.54,157408,A086790.KS,하나금융지주,1.8161891889057775
2020/12,,,,,,,262.2,37.1,15.2,7.2,17.2,21.09,2.32,9.75,2.06,564882,A032830.KS,삼성생명,
2021/12,2796048.0,516339.0,399075.0,4266212.0,1217212.0,3048999.0,247.6,39.9,18.5,9.9,23.9,13.55,1.90,7.24,1.80,728698,A032830.KS,삼성생명,13.088721905123615
2022/12,3022314.0,433766.0,556541.0,4484245.0,936749.0,3547496.0,278.9,26.4,14.4,12.7,25.9,6.86,1.24,4.00,1.09,910900,A032830.KS,삼성생명,15.688277026950843
2023/12,2589355.0,65670.0,154871.0,4559060.0,922281.0,3636779.0,258.8,25.4,2.5,3.4,3.8,36.84,2.06,10.03,1.51,479071,A032830.KS,삼성생명,4.258466076712388
2024/03,719156.0,66060.0,67547.0,4708998.0,989837.0,3719161.0,255.0,26.6,9.2,5.8,8.7,,,,1.54,157408,A032830.KS,삼성생명,1.8161891889057775
2020/12,,,,,,,262.2,37.1,15.2,7.2,17.2,21.09,2.32,9.75,2.06,564882,A035720.KS,카카오,
2021/12,2796048.0,516339.0,399075.0,4266212.0,1217212.0,3048999.0,247.6,39.9,18.5,9.9,23.9,13.55,1.90,7.24,1.80,728698,A035720.KS,카카오,13.088721905123615
2022/12,3022314.0,433766.0,556541.0,4484245.0,936749.0,3547496.0,278.9,26.4,14.4,12.7,25.9,6.86,1.24,4.00,1.09,910900,A035720.KS,카카오,15.688277026950843
2023/12,2589355.0,65670.0,154871.0,4559060.0,922281.0,3636779.0,258.8,25.4,2.5,3.4,3.8,36.84,2.06,10.03,1.51,479071,A035720.KS,카카오,4.258466076712388
2024/03,719156.0,66060.0,67547.0,4708998.0,989837.0,3719161.0,255.0,26.6,9.2,5.8,8.7,,,,1.54,157408,A035720.KS,카카오,1.8161891889057775
2020/12,,,,,,,262.2,37.1,15.2,7.2,17.2,21.09,2.32,9.75,2.06,564882,A000810.KS,삼성화재,
2021/12,2796048.0,516339.0,399075.0,4266212.0,1217212.0,3048999.0,247.6,39.9,18.5,9.9,23.9,13.55,1.90,7.24,1.80,728698,A000810.KS,삼성화재,13.088721905123615
2022/12,3022314.0,433766.0,556541.0,4484245.0,936749.0,3547496.0,278.9,26.4,14.4,12.7,25.9,6.86,1.24,4.00,1.09,910900,A000810.KS,삼성화재,15.688277026950843
2023/12,2589355.0,65670.0,154871.0,4559060.0,922281.0,3636779.0,258.8,25.4,2.5,3.4,3.8,36.84,2.06,10.03,1.51,479071,A000810.KS,삼성화재,4.258466076712388
2024/03,719156.0,66060.0,67547.0,4708998.0,989837.0,3719161.0,255.0,26.6,9.2,5.8,8.7,,,,1.54,157408,A000810.KS,삼성화재,1.8161891889057775
2020/12,,,,,,,262.2,37.1,15.2,7.2,17.2,21.09,2.32,9.75,2.06,564882,A003670.KS,포스코퓨처엠,
2021/12,2796048.0,516339.0,399075.0,4266212.0,1217212.0,3048999.0,247.6,39.9,18.5,9.9,23.9,13.55,1.90,7.24,1.80,728698,A003670.KS,포스코퓨처엠,13.088721905123615
2022/12,3022314.0,433766.0,556541.0,4484245.0,936749.0,3547496.0,278.9,26.4,14.4,12.7,25.9,6.86,1.24,4.00,1.09,910900,A003670.KS,포스코퓨처엠,15.688277026950843
2023/12,2589355.0,65670.0,154871.0,4559060.0,922281.0,3636779.0,258.8,25.4,2.5,3.4,3.8,36.84,2.06,10.03,1.51,479071,A003670.KS,포스코퓨처엠,4.258466076712388
2024/03,719156.0,66060.0,67547.0,4708998.0,989837.0,3719161.0,255.0,26.6,9.2,5.8,8.7,,,,1.54,157408,A003670.KS,포스코퓨처엠,1.8161891889057775
2020/12,,,,,,,262.2,37.1,15.2,7.2,17.2,21.09,2.32,9.75,2.06,564882,A066570.KS,LG전자,
2021/12,2796048.0,516339.0,399075.0,4266212.0,1217212.0,3048999.0,247.6,39.9,18.5,9.9,23.9,13.55,1.90,7.24,1.80,728698,A066570.KS,LG전자,13.088721905123615
2022/12,3022314.0,433766.0,556541.0,4484245.0,936749.0,3547496.0,278.9,26.4,14.4,12.7,25.9,6.86,1.24,4.00,1.09,910900,A066570.KS,LG전자,15.688277026950843
2023/12,2589355.0,65670.0,154871.0,4559060.0,922281.0,3636779.0,258.8,25.4,2.5,3.4,3.8,36.84,2.06,10.03,1.51,479071,A066570.KS,LG전자,4.258466076712388
2024/03,719156.0,66060.0,67547.0,4708998.0,989837.0,3719161.0,255.0,26.6,9.2,5.8,8.7,,,,1.54,157408,A066570.KS,LG전자,1.8161891889057775
2020/12,,,,,,,262.2,37.1,15.2,7.2,17.2,21.09,2.32,9.75,2.06,564882,A138040.KS,메리츠금융지주,
2021/12,2796048.0,516339.0,399075.0,4266212.0,1217212.0,3048999.0,247.6,39.9,18.5,9.9,23.9,13.55,1.90,7.24,1.80,728698,A138040.KS,메리츠금융지주,13.088721905123615
2022/12,3022314.0,433766.0,556541.0,4484245.0,936749.0,3547496.0,278.9,26.4,14.4,12.7,25.9,6.86,1.24,4.00,1.09,910900,A138040.KS,메리츠금융지주,15.688277026950843
2023/12,2589355.0,65670.0,154871.0,4559060.0,922281.0,3636779.0,258.8,25.4,2.5,3.4,3.8,36.84,2.06,10.03,1.51,479071,A138040.KS,메리츠금융지주,4.258466076712388
2024/03,719156.0,66060.0,67547.0,4708998.0,989837.0,3719161.0,255.0,26.6,9.2,5.8,8.7,,,,1.54,157408,A138040.KS,메리츠금융지주,1.8161891889057775
2020/12,,,,,,,262.2,37.1,15.2,7.2,17.2,21.09,2.32,9.75,2.06,564882,A012450.KS,한화에어로스페이스,
2021/12,2796048.0,516339.0,399075.0,4266212.0,1217212.0,3048999.0,247.6,39.9,18.5,9.9,23.9,13.55,1.90,7.24,1.80,728698,A012450.KS,한화에어로스페이스,13.088721905123615
2022/12,3022314.0,433766.0,556541.0,4484245.0,936749.0,3547496.0,278.9,26.4,14.4,12.7,25.9,6.86,1.24,4.00,1.09,910900,A012450.KS,한화에어로스페이스,15.688277026950843
2023/12,2589355.0,65670.0,154871.0,4559060.0,922281.0,3636779.0,258.8,25.4,2.5,3.4,3.8,36.84,2.06,10.03,1.51,479071,A012450.KS,한화에어로스페이스,4.258466076712388
2024/03,719156.0,66060.0,67547.0,4708998.0,989837.0,3719161.0,255.0,26.6,9.2,5.8,8.7,,,,1.54,157408,A012450.KS,한화에어로스페이스,1.8161891889057775
2020/12,,,,,,,262.2,37.1,15.2,7.2,17.2,21.09,2.32,9.75,2.06,564882,A009540.KS,HD한국조선해양,
2021/12,2796048.0,516339.0,399075.0,4266212.0,1217212.0,3048999.0,247.6,39.9,18.5,9.9,23.9,13.55,1.90,7.24,1.80,728698,A009540.KS,HD한국조선해양,13.088721905123615
2022/12,3022314.0,433766.0,556541.0,4484245.0,936749.0,3547496.0,278.9,26.4,14.4,12.7,25.9,6.86,1.24,4.00,1.09,910900,A009540.KS,HD한국조선해양,15.688277026950843
2023/12,2589355.0,65670.0,154871.0,4559060.0,922281.0,3636779.0,258.8,25.4,2.5,3.4,3.8,36.84,2.06,10.03,1.51,479071,A009540.KS,HD한국조선해양,4.258466076712388
2024/03,719156.0,66060.0,67547.0,4708998.0,989837.0,3719161.0,255.0,26.6,9.2,5.8,8.7,,,,1.54,157408,A009540.KS,HD한국조선해양,1.8161891889057775
2020/12,,,,,,,262.2,37.1,15.2,7.2,17.2,21.09,2.32,9.75,2.06,564882,A259960.KS,크래프톤,
2021/12,2796048.0,516339.0,399075.0,4266212.0,1217212.0,3048999.0,247.6,39.9,18.5,9.9,23.9,13.55,1.90,7.24,1.80,728698,A259960.KS,크래프톤,13.088721905123615
2022/12,3022314.0,433766.0,556541.0,4484245.0,936749.0,3547496.0,278.9,26.4,14.4,12.7,25.9,6.86,1.24,4.00,1.09,910900,A259960.KS,크래프톤,15.688277026950843
2023/12,2589355.0,65670.0,154871.0,4559060.0,922281.0,3636779.0,258.8,25.4,2.5,3.4,3.8,36.84,2.06,10.03,1.51,479071,A259960.KS,크래프톤,4.258466076712388
2024/03,719156.0,66060.0,67547.0,4708998.0,989837.0,3719161.0,255.0,26.6,9.2,5.8,8.7,,,,1.54,157408,A259960.KS,크래프톤,1.8161891889057775
2020/12,,,,,,,262.2,37.1,15.2,7.2,17.2,21.09,2.32,9.75,2.06,564882,A011200.KS,HMM,
2021/12,2796048.0,516339.0,399075.0,4266212.0,1217212.0,3048999.0,247.6,39.9,18.5,9.9,23.9,13.55,1.90,7.24,1.80,728698,A011200.KS,HMM,13.088721905123615
2022/12,3022314.0,433766.0,556541.0,4484245.0,936749.0,3547496.0,278.9,26.4,14.4,12.7,25.9,6.86,1.24,4.00,1.09,910900,A011200.KS,HMM,15.688277026950843
2023/12,2589355.0,65670.0,154871.0,4559060.0,922281.0,3636779.0,258.8,25.4,2.5,3.4,3.8,36.84,2.06,10.03,1.51,479071,A011200.KS,HMM,4.258466076712388
2024/03,719156.0,66060.0,67547.0,4708998.0,989837.0,3719161.0,255.0,26.6,9.2,5.8,8.7,,,,1.54,157408,A011200.KS,HMM,1.8161891889057775
2020/12,,,,,,,262.2,37.1,15.2,7.2,17.2,21.09,2.32,9.75,2.06,564882,A015760.KS,한국전력,
2021/12,2796048.0,516339.0,399075.0,4266212.0,1217212.0,3048999.0,247.6,39.9,18.5,9.9,23.9,13.55,1.90,7.24,1.80,728698,A015760.KS,한국전력,13.088721905123615
2022/12,3022314.0,433766.0,556541.0,4484245.0,936749.0,3547496.0,278.9,26.4,14.4,12.7,25.9,6.86,1.24,4.00,1.09,910900,A015760.KS,한국전력,15.688277026950843
2023/12,2589355.0,65670.0,154871.0,4559060.0,922281.0,3636779.0,258.8,25.4,2.5,3.4,3.8,36.84,2.06,10.03,1.51,479071,A015760.KS,한국전력,4.258466076712388
2024/03,719156.0,66060.0,67547.0,4708998.0,989837.0,3719161.0,255.0,26.6,9.2,5.8,8.7,,,,1.54,157408,A015760.KS,한국전력,1.8161891889057775
2020/12,,,,,,,262.2,37.1,15.2,7.2,17.2,21.09,2.32,9.75,2.06,564882,A003550.KS,LG,
2021/12,2796048.0,516339.0,399075.0,4266212.0,1217212.0,3048999.0,247.6,39.9,18.5,9.9,23.9,13.55,1.90,7.24,1.80,728698,A003550.KS,LG,13.088721905123615
2022/12,3022314.0,433766.0,556541.0,4484245.0,936749.0,3547496.0,278.9,26.4,14.4,12.7,25.9,6.86,1.24,4.00,1.09,910900,A003550.KS,LG,15.688277026950843
2023/12,2589355.0,65670.0,154871.0,4559060.0,922281.0,3636779.0,258.8,25.4,2.5,3.4,3.8,36.84,2.06,10.03,1.51,479071,A003550.KS,LG,4.258466076712388
2024/03,719156.0,66060.0,67547.0,4708998.0,989837.0,3719161.0,255.0,26.6,9.2,5.8,8.7,,,,1.54,157408,A003550.KS,LG,1.8161891889057775
2020/12,,,,,,,262.2,37.1,15.2,7.2,17.2,21.09,2.32,9.75,2.06,564882,A033780.KS,KT&G,
2021/12,2796048.0,516339.0,399075.0,4266212.0,1217212.0,3048999.0,247.6,39.9,18.5,9.9,23.9,13.55,1.90,7.24,1.80,728698,A033780.KS,KT&G,13.088721905123615
2022/12,3022314.0,433766.0,556541.0,4484245.0,936749.0,3547496.0,278.9,26.4,14.4,12.7,25.9,6.86,1.24,4.00,1.09,910900,A033780.KS,KT&G,15.688277026950843
2023/12,2589355.0,65670.0,154871.0,4559060.0,922281.0,3636779.0,258.8,25.4,2.5,3.4,3.8,36.84,2.06,10.03,1.51,479071,A033780.KS,KT&G,4.258466076712388
2024/03,719156.0,66060.0,67547.0,4708998.0,989837.0,3719161.0,255.0,26.6,9.2,5.8,8.7,,,,1.54,157408,A033780.KS,KT&G,1.8161891889057775
2020/12,,,,,,,262.2,37.1,15.2,7.2,17.2,21.09,2.32,9.75,2.06,564882,A017670.KS,SK텔레콤,
2021/12,2796048.0,516339.0,399075.0,4266212.0,1217212.0,3048999.0,247.6,39.9,18.5,9.9,23.9,13.55,1.90,7.24,1.80,728698,A017670.KS,SK텔레콤,13.088721905123615
2022/12,3022314.0,433766.0,556541.0,4484245.0,936749.0,3547496.0,278.9,26.4,14.4,12.7,25.9,6.86,1.24,4.00,1.09,910900,A017670.KS,SK텔레콤,15.688277026950843
2023/12,2589355.0,65670.0,154871.0,4559060.0,922281.0,3636779.0,258.8,25.4,2.5,3.4,3.8,36.84,2.06,10.03,1.51,479071,A017670.KS,SK텔레콤,4.258466076712388
2024/03,719156.0,66060.0,67547.0,4708998.0,989837.0,3719161.0,255.0,26.6,9.2,5.8,8.7,,,,1.54,157408,A017670.KS,SK텔레콤,1.8161891889057775
2020/12,,,,,,,262.2,37.1,15.2,7.2,17.2,21.09,2.32,9.75,2.06,564882,A018260.KS,삼성에스디에스,
2021/12,2796048.0,516339.0,399075.0,4266212.0,1217212.0,3048999.0,247.6,39.9,18.5,9.9,23.9,13.55,1.90,7.24,1.80,728698,A018260.KS,삼성에스디에스,13.088721905123615
2022/12,3022314.0,433766.0,556541.0,4484245.0,936749.0,3547496.0,278.9,26.4,14.4,12.7,25.9,6.86,1.24,4.00,1.09,910900,A018260.KS,삼성에스디에스,15.688277026950843
2023/12,2589355.0,65670.0,154871.0,4559060.0,922281.0,3636779.0,258.8,25.4,2.5,3.4,3.8,36.84,2.06,10.03,1.51,479071,A018260.KS,삼성에스디에스,4.258466076712388
2024/03,719156.0,66060.0,67547.0,4708998.0,989837.0,3719161.0,255.0,26.6,9.2,5.8,8.7,,,,1.54,157408,A018260.KS,삼성에스디에스,1.8161891889057775
2020/12,,,,,,,262.2,37.1,15.2,7.2,17.2,21.09,2.32,9.75,2.06,564882,A267260.KS,HD현대일렉트릭,
2021/12,2796048.0,516339.0,399075.0,4266212.0,1217212.0,3048999.0,247.6,39.9,18.5,9.9,23.9,13.55,1.90,7.24,1.80,728698,A267260.KS,HD현대일렉트릭,13.088721905123615
2022/12,3022314.0,433766.0,556541.0,4484245.0,936749.0,3547496.0,278.9,26.4,14.4,12.7,25.9,6.86,1.24,4.00,1.09,910900,A267260.KS,HD현대일렉트릭,15.688277026950843
2023/12,2589355.0,65670.0,154871.0,4559060.0,922281.0,3636779.0,258.8,25.4,2.5,3.4,3.8,36.84,2.06,10.03,1.51,479071,A267260.KS,HD현대일렉트릭,4.258466076712388
2024/03,719156.0,66060.0,67547.0,4708998.0,989837.0,3719161.0,255.0,26.6,9.2,5.8,8.7,,,,1.54,157408,A267260.KS,HD현대일렉트릭,1.8161891889057775
2020/12,,,,,,,262.2,37.1,15.2,7.2,17.2,21.09,2.32,9.75,2.06,564882,A009150.KS,삼성전기,
2021/12,2796048.0,516339.0,399075.0,4266212.0,1217212.0,3048999.0,247.6,39.9,18.5,9.9,23.9,13.55,1.90,7.24,1.80,728698,A009150.KS,삼성전기,13.088721905123615
2022/12,3022314.0,433766.0,556541.0,4484245.0,936749.0,3547496.0,278.9,26.4,14.4,12.7,25.9,6.86,1.24,4.00,1.09,910900,A009150.KS,삼성전기,15.688277026950843
2023/12,2589355.0,65670.0,154871.0,4559060.0,922281.0,3636779.0,258.8,25.4,2.5,3.4,3.8,36.84,2.06,10.03,1.51,479071,A009150.KS,삼성전기,4.258466076712388
2024/03,719156.0,66060.0,67547.0,4708998.0,989837.0,3719161.0,255.0,26.6,9.2,5.8,8.7,,,,1.54,157408,A009150.KS,삼성전기,1.8161891889057775
2020/12,,,,,,,262.2,37.1,15.2,7.2,17.2,21.09,2.32,9.75,2.06,564882,A034020.KS,두산에너빌리티,
2021/12,2796048.0,516339.0,399075.0,4266212.0,1217212.0,3048999.0,247.6,39.9,18.5,9.9,23.9,13.55,1.90,7.24,1.80,728698,A034020.KS,두산에너빌리티,13.088721905123615
2022/12,3022314.0,433766.0,556541.0,4484245.0,936749.0,3547496.0,278.9,26.4,14.4,12.7,25.9,6.86,1.24,4.00,1.09,910900,A034020.KS,두산에너빌리티,15.688277026950843
2023/12,2589355.0,65670.0,154871.0,4559060.0,922281.0,3636779.0,258.8,25.4,2.5,3.4,3.8,36.84,2.06,10.03,1.51,479071,A034020.KS,두산에너빌리티,4.258466076712388
2024/03,719156.0,66060.0,67547.0,4708998.0,989837.0,3719161.0,255.0,26.6,9.2,5.8,8.7,,,,1.54,157408,A034020.KS,두산에너빌리티,1.8161891889057775
2020/12,,,,,,,262.2,37.1,15.2,7.2,17.2,21.09,2.32,9.75,2.06,564882,A316140.KS,우리금융지주,
2021/12,2796048.0,516339.0,399075.0,4266212.0,1217212.0,3048999.0,247.6,39.9,18.5,9.9,23.9,13.55,1.90,7.24,1.80,728698,A316140.KS,우리금융지주,13.088721905123615
2022/12,3022314.0,433766.0,556541.0,4484245.0,936749.0,3547496.0,278.9,26.4,14.4,12.7,25.9,6.86,1.24,4.00,1.09,910900,A316140.KS,우리금융지주,15.688277026950843
2023/12,2589355.0,65670.0,154871.0,4559060.0,922281.0,3636779.0,258.8,25.4,2.5,3.4,3.8,36.84,2.06,10.03,1.51,479071,A316140.KS,우리금융지주,4.258466076712388
2024/03,719156.0,66060.0,67547.0,4708998.0,989837.0,3719161.0,255.0,26.6,9.2,5.8,8.7,,,,1.54,157408,A316140.KS,우리금융지주,1.8161891889057775
2020/12,,,,,,,262.2,37.1,15.2,7.2,17.2,21.09,2.32,9.75,2.06,564882,A024110.KS,기업은행,
2021/12,2796048.0,516339.0,399075.0,4266212.0,1217212.0,3048999.0,247.6,39.9,18.5,9.9,23.9,13.55,1.90,7.24,1.80,728698,A024110.KS,기업은행,13.088721905123615
2022/12,3022314.0,433766.0,556541.0,4484245.0,936749.0,3547496.0,278.9,26.4,14.4,12.7,25.9,6.86,1.24,4.00,1.09,910900,A024110.KS,기업은행,15.688277026950843
2023/12,2589355.0,65670.0,154871.0,4559060.0,922281.0,3636779.0,258.8,25.4,2.5,3.4,3.8,36.84,2.06,10.03,1.51,479071,A024110.KS,기업은행,4.258466076712388
2024/03,719156.0,66060.0,67547.0,4708998.0,989837.0,3719161.0,255.0,26.6,9.2,5.8,8.7,,,,1.54,157408,A024110.KS,기업은행,1.8161891889057775
2020/12,,,,,,,262.2,37.1,15.2,7.2,17.2,21.09,2.32,9.75,2.06,564882,A010130.KS,고려아연,
2021/12,2796048.0,516339.0,399075.0,4266212.0,1217212.0,3048999.0,247.6,39.9,18.5,9.9,23.9,13.55,1.90,7.24,1.80,728698,A010130.KS,고려아연,13.088721905123615
2022/12,3022314.0,433766.0,556541.0,4484245.0,936749.0,3547496.0,278.9,26.4,14.4,12.7,25.9,6.86,1.24,4.00,1.09,910900,A010130.KS,고려아연,15.688277026950843
2023/12,2589355.0,65670.0,154871.0,4559060.0,922281.0,3636779.0,258.8,25.4,2.5,3.4,3.8,36.84,2.06,10.03,1.51,479071,A010130.KS,고려아연,4.258466076712388
2024/03,719156.0,66060.0,67547.0,4708998.0,989837.0,3719161.0,255.0,26.6,9.2,5.8,8.7,,,,1.54,157408,A010130.KS,고려아연,1.8161891889057775
2020/12,,,,,,,262.2,37.1,15.2,7.2,17.2,21.09,2.32,9.75,2.06,564882,A042700.KS,한미반도체,
2021/12,2796048.0,516339.0,399075.0,4266212.0,1217212.0,3048999.0,247.6,39.9,18.5,9.9,23.9,13.55,1.90,7.24,1.80,728698,A042700.KS,한미반도체,13.088721905123615
2022/12,3022314.0,433766.0,556541.0,4484245.0,936749.0,3547496.0,278.9,26.4,14.4,12.7,25.9,6.86,1.24,4.00,1.09,910900,A042700.KS,한미반도체,15.688277026950843
2023/12,2589355.0,65670.0,154871.0,4559060.0,922281.0,3636779.0,258.8,25.4,2.5,3.4,3.8,36.84,2.06,10.03,1.51,479071,A042700.KS,한미반도체,4.258466076712388
2024/03,719156.0,66060.0,67547.0,4708998.0,989837.0,3719161.0,255.0,26.6,9.2,5.8,8.7,,,,1.54,157408,A042700.KS,한미반도체,1.8161891889057775
2020/12,,,,,,,262.2,37.1,15.2,7.2,17.2,21.09,2.32,9.75,2.06,564882,A323410.KS,카카오뱅크,
2021/12,2796048.0,516339.0,399075.0,4266212.0,1217212.0,3048999.0,247.6,39.9,18.5,9.9,23.9,13.55,1.90,7.24,1.80,728698,A323410.KS,카카오뱅크,13.088721905123615
2022/12,3022314.0,433766.0,556541.0,4484245.0,936749.0,3547496.0,278.9,26.4,14.4,12.7,25.9,6.86,1.24,4.00,1.09,910900,A323410.KS,카카오뱅크,15.688277026950843
2023/12,2589355.0,65670.0,154871.0,4559060.0,922281.0,3636779.0,258.8,25.4,2.5,3.4,3.8,36.84,2.06,10.03,1.51,479071,A323410.KS,카카오뱅크,4.258466076712388
2024/03,719156.0,66060.0,67547.0,4708998.0,989837.0,3719161.0,255.0,26.6,9.2,5.8,8.7,,,,1.54,157408,A323410.KS,카카오뱅크,1.8161891889057775
2020/12,,,,,,,262.2,37.1,15.2,7.2,17.2,21.09,2.32,9.75,2.06,564882,A402340.KS,SK스퀘어,
2021/12,2796048.0,516339.0,399075.0,4266212.0,1217212.0,3048999.0,247.6,39.9,18.5,9.9,23.9,13.55,1.90,7.24,1.80,728698,A402340.KS,SK스퀘어,13.088721905123615
2022/12,3022314.0,433766.0,556541.0,4484245.0,936749.0,3547496.0,278.9,26.4,14.4,12.7,25.9,6.86,1.24,4.00,1.09,910900,A402340.KS,SK스퀘어,15.688277026950843
2023/12,2589355.0,65670.0,154871.0,4559060.0,922281.0,3636779.0,258.8,25.4,2.5,3.4,3.8,36.84,2.06,10.03,1.51,479071,A402340.KS,SK스퀘어,4.258466076712388
2024/03,719156.0,66060.0,67547.0,4708998.0,989837.0,3719161.0,255.0,26.6,9.2,5.8,8.7,,,,1.54,157408,A402340.KS,SK스퀘어,1.8161891889057775
2020/12,,,,,,,262.2,37.1,15.2,7.2,17.2,21.09,2.32,9.75,2.06,564882,A034730.KS,SK,
2021/12,2796048.0,516339.0,399075.0,4266212.0,1217212.0,3048999.0,247.6,39.9,18.5,9.9,23.9,13.55,1.90,7.24,1.80,728698,A034730.KS,SK,13.088721905123615
2022/12,3022314.0,433766.0,556541.0,4484245.0,936749.0,3547496.0,278.9,26.4,14.4,12.7,25.9,6.86,1.24,4.00,1.09,910900,A034730.KS,SK,15.688277026950843
2023/12,2589355.0,65670.0,154871.0,4559060.0,922281.0,3636779.0,258.8,25.4,2.5,3.4,3.8,36.84,2.06,10.03,1.51,479071,A034730.KS,SK,4.258466076712388
2024/03,719156.0,66060.0,67547.0,4708998.0,989837.0,3719161.0,255.0,26.6,9.2,5.8,8.7,,,,1.54,157408,A034730.KS,SK,1.8161891889057775
2020/12,,,,,,,262.2,37.1,15.2,7.2,17.2,21.09,2.32,9.75,2.06,564882,A030200.KS,KT,
2021/12,2796048.0,516339.0,399075.0,4266212.0,1217212.0,3048999.0,247.6,39.9,18.5,9.9,23.9,13.55,1.90,7.24,1.80,728698,A030200.KS,KT,13.088721905123615
2022/12,3022314.0,433766.0,556541.0,4484245.0,936749.0,3547496.0,278.9,26.4,14.4,12.7,25.9,6.86,1.24,4.00,1.09,910900,A030200.KS,KT,15.688277026950843
2023/12,2589355.0,65670.0,154871.0,4559060.0,922281.0,3636779.0,258.8,25.4,2.5,3.4,3.8,36.84,2.06,10.03,1.51,479071,A030200.KS,KT,4.258466076712388
2024/03,719156.0,66060.0,67547.0,4708998.0,989837.0,3719161.0,255.0,26.6,9.2,5.8,8.7,,,,1.54,157408,A030200.KS,KT,1.8161891889057775
2020/12,,,,,,,262.2,37.1,15.2,7.2,17.2,21.09,2.32,9.75,2.06,564882,A096770.KS,SK이노베이션,
2021/12,2796048.0,516339.0,399075.0,4266212.0,1217212.0,3048999.0,247.6,39.9,18.5,9.9,23.9,13.55,1.90,7.24,1.80,728698,A096770.KS,SK이노베이션,13.088721905123615
2022/12,3022314.0,433766.0,556541.0,4484245.0,936749.0,3547496.0,278.9,26.4,14.4,12.7,25.9,6.86,1.24,4.00,1.09,910900,A096770.KS,SK이노베이션,15.688277026950843
2023/12,2589355.0,65670.0,154871.0,4559060.0,922281.0,3636779.0,258.8,25.4,2.5,3.4,3.8,36.84,2.06,10.03,1.51,479071,A096770.KS,SK이노베이션,4.258466076712388
2024/03,719156.0,66060.0,67547.0,4708998.0,989837.0,3719161.0,255.0,26.6,9.2,5.8,8.7,,,,1.54,157408,A096770.KS,SK이노베이션,1.8161891889057775
2020/12,,,,,,,262.2,37.1,15.2,7.2,17.2,21.09,2.32,9.75,2.06,564882,A010140.KS,삼성중공업,
2021/12,2796048.0,516339.0,399075.0,4266212.0,1217212.0,3048999.0,247.6,39.9,18.5,9.9,23.9,13.55,1.90,7.24,1.80,728698,A010140.KS,삼성중공업,13.088721905123615
2022/12,3022314.0,433766.0,556541.0,4484245.0,936749.0,3547496.0,278.9,26.4,14.4,12.7,25.9,6.86,1.24,4.00,1.09,910900,A010140.KS,삼성중공업,15.688277026950843
2023/12,2589355.0,65670.0,154871.0,4559060.0,922281.0,3636779.0,258.8,25.4,2.5,3.4,3.8,36.84,2.06,10.03,1.51,479071,A010140.KS,삼성중공업,4.258466076712388
2024/03,719156.0,66060.0,67547.0,4708998.0,989837.0,3719161.0,255.0,26.6,9.2,5.8,8.7,,,,1.54,157408,A010140.KS,삼성중공업,1.8161891889057775
2020/12,,,,,,,262.2,37.1,15.2,7.2,17.2,21.09,2.32,9.75,2.06,564882,A042660.KS,한화오션,
2021/12,2796048.0,516339.0,399075.0,4266212.0,1217212.0,3048999.0,247.6,39.9,18.5,9.9,23.9,13.55,1.90,7.24,1.80,728698,A042660.KS,한화오션,13.088721905123615
2022/12,3022314.0,433766.0,556541.0,4484245.0,936749.0,3547496.0,278.9,26.4,14.4,12.7,25.9,6.86,1.24,4.00,1.09,910900,A042660.KS,한화오션,15.688277026950843
2023/12,2589355.0,65670.0,154871.0,4559060.0,922281.0,3636779.0,258.8,25.4,2.5,3.4,3.8,36.84,2.06,10.03,1.51,479071,A042660.KS,한화오션,4.258466076712388
2024/03,719156.0,66060.0,67547.0,4708998.0,989837.0,3719161.0,255.0,26.6,9.2,5.8,8.7,,,,1.54,157408,A042660.KS,한화오션,1.8161891889057775
2020/12,,,,,,,262.2,37.1,15.2,7.2,17.2,21.09,2.32,9.75,2.06,564882,A364690.KS,KODEX CD금리액티브(합성),
2021/12,2796048.0,516339.0,399075.0,4266212.0,1217212.0,3048999.0,247.6,39.9,18.5,9.9,23.9,13.55,1.90,7.24,1.80,728698,A364690.KS,KODEX CD금리액티브(합성),13.088721905123615
2022/12,3022314.0,433766.0,556541.0,4484245.0,936749.0,3547496.0,278.9,26.4,14.4,12.7,25.9,6.86,1.24,4.00,1.09,910900,A364690.KS,KODEX CD금리액티브(합성),15.688277026950843
2023/12,2589355.0,65670.0,154871.0,4559060.0,922281.0,3636779.0,258.8,25.4,2.5,3.4,3.8,36.84,2.06,10.03,1.51,479071,A364690.KS,KODEX CD금리액티브(합성),4.258466076712388
2024/03,719156.0,66060.0,67547.0,4708998.0,989837.0,3719161.0,255.0,26.6,9.2,5.8,8.7,,,,1.54,157408,A364690.KS,KODEX CD금리액티브(합성),1.8161891889057775
2020/12,,,,,,,262.2,37.1,15.2,7.2,17.2,21.09,2.32,9.75,2.06,564882,A047050.KS,포스코인터내셔널,
2021/12,2796048.0,516339.0,399075.0,4266212.0,1217212.0,3048999.0,247.6,39.9,18.5,9.9,23.9,13.55,1.90,7.24,1.80,728698,A047050.KS,포스코인터내셔널,13.088721905123615
2022/12,3022314.0,433766.0,556541.0,4484245.0,936749.0,3547496.0,278.9,26.4,14.4,12.7,25.9,6.86,1.24,4.00,1.09,910900,A047050.KS,포스코인터내셔널,15.688277026950843
2023/12,2589355.0,65670.0,154871.0,4559060.0,922281.0,3636779.0,258.8,25.4,2.5,3.4,3.8,36.84,2.06,10.03,1.51,479071,A047050.KS,포스코인터내셔널,4.258466076712388
2024/03,719156.0,66060.0,67547.0,4708998.0,989837.0,3719161.0,255.0,26.6,9.2,5.8,8.7,,,,1.54,157408,A047050.KS,포스코인터내셔널,1.8161891889057775
2020/12,,,,,,,262.2,37.1,15.2,7.2,17.2,21.09,2.32,9.75,2.06,564882,A086280.KS,현대글로비스,
2021/12,2796048.0,516339.0,399075.0,4266212.0,1217212.0,3048999.0,247.6,39.9,18.5,9.9,23.9,13.55,1.90,7.24,1.80,728698,A086280.KS,현대글로비스,13.088721905123615
2022/12,3022314.0,433766.0,556541.0,4484245.0,936749.0,3547496.0,278.9,26.4,14.4,12.7,25.9,6.86,1.24,4.00,1.09,910900,A086280.KS,현대글로비스,15.688277026950843
2023/12,2589355.0,65670.0,154871.0,4559060.0,922281.0,3636779.0,258.8,25.4,2.5,3.4,3.8,36.84,2.06,10.03,1.51,479071,A086280.KS,현대글로비스,4.258466076712388
2024/03,719156.0,66060.0,67547.0,4708998.0,989837.0,3719161.0,255.0,26.6,9.2,5.8,8.7,,,,1.54,157408,A086280.KS,현대글로비스,1.8161891889057775
2020/12,,,,,,,262.2,37.1,15.2,7.2,17.2,21.09,2.32,9.75,2.06,564882,A352820.KS,하이브,
2021/12,2796048.0,516339.0,399075.0,4266212.0,1217212.0,3048999.0,247.6,39.9,18.5,9.9,23.9,13.55,1.90,7.24,1.80,728698,A352820.KS,하이브,13.088721905123615
2022/12,3022314.0,433766.0,556541.0,4484245.0,936749.0,3547496.0,278.9,26.4,14.4,12.7,25.9,6.86,1.24,4.00,1.09,910900,A352820.KS,하이브,15.688277026950843
2023/12,2589355.0,65670.0,154871.0,4559060.0,922281.0,3636779.0,258.8,25.4,2.5,3.4,3.8,36.84,2.06,10.03,1.51,479071,A352820.KS,하이브,4.258466076712388
2024/03,719156.0,66060.0,67547.0,4708998.0,989837.0,3719161.0,255.0,26.6,9.2,5.8,8.7,,,,1.54,157408,A352820.KS,하이브,1.8161891889057775
2020/12,,,,,,,262.2,37.1,15.2,7.2,17.2,21.09,2.32,9.75,2.06,564882,A003490.KS,대한항공,
2021/12,2796048.0,516339.0,399075.0,4266212.0,1217212.0,3048999.0,247.6,39.9,18.5,9.9,23.9,13.55,1.90,7.24,1.80,728698,A003490.KS,대한항공,13.088721905123615
2022/12,3022314.0,433766.0,556541.0,4484245.0,936749.0,3547496.0,278.9,26.4,14.4,12.7,25.9,6.86,1.24,4.00,1.09,910900,A003490.KS,대한항공,15.688277026950843
2023/12,2589355.0,65670.0,154871.0,4559060.0,922281.0,3636779.0,258.8,25.4,2.5,3.4,3.8,36.84,2.06,10.03,1.51,479071,A003490.KS,대한항공,4.258466076712388
2024/03,719156.0,66060.0,67547.0,4708998.0,989837.0,3719161.0,255.0,26.6,9.2,5.8,8.7,,,,1.54,157408,A003490.KS,대한항공,1.8161891889057775
2020/12,,,,,,,262.2,37.1,15.2,7.2,17.2,21.09,2.32,9.75,2.06,564882,A010950.KS,S-Oil,
2021/12,2796048.0,516339.0,399075.0,4266212.0,1217212.0,3048999.0,247.6,39.9,18.5,9.9,23.9,13.55,1.90,7.24,1.80,728698,A010950.KS,S-Oil,13.088721905123615
2022/12,3022314.0,433766.0,556541.0,4484245.0,936749.0,3547496.0,278.9,26.4,14.4,12.7,25.9,6.86,1.24,4.00,1.09,910900,A010950.KS,S-Oil,15.688277026950843
2023/12,2589355.0,65670.0,154871.0,4559060.0,922281.0,3636779.0,258.8,25.4,2.5,3.4,3.8,36.84,2.06,10.03,1.51,479071,A010950.KS,S-Oil,4.258466076712388
2024/03,719156.0,66060.0,67547.0,4708998.0,989837.0,3719161.0,255.0,26.6,9.2,5.8,8.7,,,,1.54,157408,A010950.KS,S-Oil,1.8161891889057775
2020/12,,,,,,,262.2,37.1,15.2,7.2,17.2,21.09,2.32,9.75,2.06,564882,A005830.KS,DB손해보험,
2021/12,2796048.0,516339.0,399075.0,4266212.0,1217212.0,3048999.0,247.6,39.9,18.5,9.9,23.9,13.55,1.90,7.24,1.80,728698,A005830.KS,DB손해보험,13.088721905123615
2022/12,3022314.0,433766.0,556541.0,4484245.0,936749.0,3547496.0,278.9,26.4,14.4,12.7,25.9,6.86,1.24,4.00,1.09,910900,A005830.KS,DB손해보험,15.688277026950843
2023/12,2589355.0,65670.0,154871.0,4559060.0,922281.0,3636779.0,258.8,25.4,2.5,3.4,3.8,36.84,2.06,10.03,1.51,479071,A005830.KS,DB손해보험,4.258466076712388
2024/03,719156.0,66060.0,67547.0,4708998.0,989837.0,3719161.0,255.0,26.6,9.2,5.8,8.7,,,,1.54,157408,A005830.KS,DB손해보험,1.8161891889057775
2020/12,,,,,,,262.2,37.1,15.2,7.2,17.2,21.09,2.32,9.75,2.06,564882,A090430.KS,아모레퍼시픽,
2021/12,2796048.0,516339.0,399075.0,4266212.0,1217212.0,3048999.0,247.6,39.9,18.5,9.9,23.9,13.55,1.90,7.24,1.80,728698,A090430.KS,아모레퍼시픽,13.088721905123615
2022/12,3022314.0,433766.0,556541.0,4484245.0,936749.0,3547496.0,278.9,26.4,14.4,12.7,25.9,6.86,1.24,4.00,1.09,910900,A090430.KS,아모레퍼시픽,15.688277026950843
2023/12,2589355.0,65670.0,154871.0,4559060.0,922281.0,3636779.0,258.8,25.4,2.5,3.4,3.8,36.84,2.06,10.03,1.51,479071,A090430.KS,아모레퍼시픽,4.258466076712388
2024/03,719156.0,66060.0,67547.0,4708998.0,989837.0,3719161.0,255.0,26.6,9.2,5.8,8.7,,,,1.54,157408,A090430.KS,아모레퍼시픽,1.8161891889057775
2020/12,,,,,,,262.2,37.1,15.2,7.2,17.2,21.09,2.32,9.75,2.06,564882,A000100.KS,유한양행,
2021/12,2796048.0,516339.0,399075.0,4266212.0,1217212.0,3048999.0,247.6,39.9,18.5,9.9,23.9,13.55,1.90,7.24,1.80,728698,A000100.KS,유한양행,13.088721905123615
2022/12,3022314.0,433766.0,556541.0,4484245.0,936749.0,3547496.0,278.9,26.4,14.4,12.7,25.9,6.86,1.24,4.00,1.09,910900,A000100.KS,유한양행,15.688277026950843
2023/12,2589355.0,65670.0,154871.0,4559060.0,922281.0,3636779.0,258.8,25.4,2.5,3.4,3.8,36.84,2.06,10.03,1.51,479071,A000100.KS,유한양행,4.258466076712388
2024/03,719156.0,66060.0,67547.0,4708998.0,989837.0,3719161.0,255.0,26.6,9.2,5.8,8.7,,,,1.54,157408,A000100.KS,유한양행,1.8161891889057775
2020/12,,,,,,,262.2,37.1,15.2,7.2,17.2,21.09,2.32,9.75,2.06,564882,A357870.KS,TIGER CD금리투자KIS(합성),
2021/12,2796048.0,516339.0,399075.0,4266212.0,1217212.0,3048999.0,247.6,39.9,18.5,9.9,23.9,13.55,1.90,7.24,1.80,728698,A357870.KS,TIGER CD금리투자KIS(합성),13.088721905123615
2022/12,3022314.0,433766.0,556541.0,4484245.0,936749.0,3547496.0,278.9,26.4,14.4,12.7,25.9,6.86,1.24,4.00,1.09,910900,A357870.KS,TIGER CD금리투자KIS(합성),15.688277026950843
2023/12,2589355.0,65670.0,154871.0,4559060.0,922281.0,3636779.0,258.8,25.4,2.5,3.4,3.8,36.84,2.06,10.03,1.51,479071,A357870.KS,TIGER CD금리투자KIS(합성),4.258466076712388
2024/03,719156.0,66060.0,67547.0,4708998.0,989837.0,3719161.0,255.0,26.6,9.2,5.8,8.7,,,,1.54,157408,A357870.KS,TIGER CD금리투자KIS(합성),1.8161891889057775
2020/12,,,,,,,262.2,37.1,15.2,7.2,17.2,21.09,2.32,9.75,2.06,564882,A326030.KS,SK바이오팜,
2021/12,2796048.0,516339.0,399075.0,4266212.0,1217212.0,3048999.0,247.6,39.9,18.5,9.9,23.9,13.55,1.90,7.24,1.80,728698,A326030.KS,SK바이오팜,13.088721905123615
2022/12,3022314.0,433766.0,556541.0,4484245.0,936749.0,3547496.0,278.9,26.4,14.4,12.7,25.9,6.86,1.24,4.00,1.09,910900,A326030.KS,SK바이오팜,15.688277026950843
2023/12,2589355.0,65670.0,154871.0,4559060.0,922281.0,3636779.0,258.8,25.4,2.5,3.4,3.8,36.84,2.06,10.03,1.51,479071,A326030.KS,SK바이오팜,4.258466076712388
2024/03,719156.0,66060.0,67547.0,4708998.0,989837.0,3719161.0,255.0,26.6,9.2,5.8,8.7,,,,1.54,157408,A326030.KS,SK바이오팜,1.8161891889057775
2020/12,,,,,,,262.2,37.1,15.2,7.2,17.2,21.09,2.32,9.75,2.06,564882,A267250.KS,HD현대,
2021/12,2796048.0,516339.0,399075.0,4266212.0,1217212.0,3048999.0,247.6,39.9,18.5,9.9,23.9,13.55,1.90,7.24,1.80,728698,A267250.KS,HD현대,13.088721905123615
2022/12,3022314.0,433766.0,556541.0,4484245.0,936749.0,3547496.0,278.9,26.4,14.4,12.7,25.9,6.86,1.24,4.00,1.09,910900,A267250.KS,HD현대,15.688277026950843
2023/12,2589355.0,65670.0,154871.0,4559060.0,922281.0,3636779.0,258.8,25.4,2.5,3.4,3.8,36.84,2.06,10.03,1.51,479071,A267250.KS,HD현대,4.258466076712388
2024/03,719156.0,66060.0,67547.0,4708998.0,989837.0,3719161.0,255.0,26.6,9.2,5.8,8.7,,,,1.54,157408,A267250.KS,HD현대,1.8161891889057775
2020/12,,,,,,,262.2,37.1,15.2,7.2,17.2,21.09,2.32,9.75,2.06,564882,A011070.KS,LG이노텍,
2021/12,2796048.0,516339.0,399075.0,4266212.0,1217212.0,3048999.0,247.6,39.9,18.5,9.9,23.9,13.55,1.90,7.24,1.80,728698,A011070.KS,LG이노텍,13.088721905123615
2022/12,3022314.0,433766.0,556541.0,4484245.0,936749.0,3547496.0,278.9,26.4,14.4,12.7,25.9,6.86,1.24,4.00,1.09,910900,A011070.KS,LG이노텍,15.688277026950843
2023/12,2589355.0,65670.0,154871.0,4559060.0,922281.0,3636779.0,258.8,25.4,2.5,3.4,3.8,36.84,2.06,10.03,1.51,479071,A011070.KS,LG이노텍,4.258466076712388
2024/03,719156.0,66060.0,67547.0,4708998.0,989837.0,3719161.0,255.0,26.6,9.2,5.8,8.7,,,,1.54,157408,A011070.KS,LG이노텍,1.8161891889057775
2020/12,,,,,,,262.2,37.1,15.2,7.2,17.2,21.09,2.32,9.75,2.06,564882,A005387.KS,현대차2우B,
2021/12,2796048.0,516339.0,399075.0,4266212.0,1217212.0,3048999.0,247.6,39.9,18.5,9.9,23.9,13.55,1.90,7.24,1.80,728698,A005387.KS,현대차2우B,13.088721905123615
2022/12,3022314.0,433766.0,556541.0,4484245.0,936749.0,3547496.0,278.9,26.4,14.4,12.7,25.9,6.86,1.24,4.00,1.09,910900,A005387.KS,현대차2우B,15.688277026950843
2023/12,2589355.0,65670.0,154871.0,4559060.0,922281.0,3636779.0,258.8,25.4,2.5,3.4,3.8,36.84,2.06,10.03,1.51,479071,A005387.KS,현대차2우B,4.258466076712388
2024/03,719156.0,66060.0,67547.0,4708998.0,989837.0,3719161.0,255.0,26.6,9.2,5.8,8.7,,,,1.54,157408,A005387.KS,현대차2우B,1.8161891889057775
2020/12,,,,,,,262.2,37.1,15.2,7.2,17.2,21.09,2.32,9.75,2.06,564882,A251270.KS,넷마블,
2021/12,2796048.0,516339.0,399075.0,4266212.0,1217212.0,3048999.0,247.6,39.9,18.5,9.9,23.9,13.55,1.90,7.24,1.80,728698,A251270.KS,넷마블,13.088721905123615
2022/12,3022314.0,433766.0,556541.0,4484245.0,936749.0,3547496.0,278.9,26.4,14.4,12.7,25.9,6.86,1.24,4.00,1.09,910900,A251270.KS,넷마블,15.688277026950843
2023/12,2589355.0,65670.0,154871.0,4559060.0,922281.0,3636779.0,258.8,25.4,2.5,3.4,3.8,36.84,2.06,10.03,1.51,479071,A251270.KS,넷마블,4.258466076712388
2024/03,719156.0,66060.0,67547.0,4708998.0,989837.0,3719161.0,255.0,26.6,9.2,5.8,8.7,,,,1.54,157408,A251270.KS,넷마블,1.8161891889057775
2020/12,,,,,,,262.2,37.1,15.2,7.2,17.2,21.09,2.32,9.75,2.06,564882,A069500.KS,KODEX 200,
2021/12,2796048.0,516339.0,399075.0,4266212.0,1217212.0,3048999.0,247.6,39.9,18.5,9.9,23.9,13.55,1.90,7.24,1.80,728698,A069500.KS,KODEX 200,13.088721905123615
2022/12,3022314.0,433766.0,556541.0,4484245.0,936749.0,3547496.0,278.9,26.4,14.4,12.7,25.9,6.86,1.24,4.00,1.09,910900,A069500.KS,KODEX 200,15.688277026950843
2023/12,2589355.0,65670.0,154871.0,4559060.0,922281.0,3636779.0,258.8,25.4,2.5,3.4,3.8,36.84,2.06,10.03,1.51,479071,A069500.KS,KODEX 200,4.258466076712388
2024/03,719156.0,66060.0,67547.0,4708998.0,989837.0,3719161.0,255.0,26.6,9.2,5.8,8.7,,,,1.54,157408,A069500.KS,KODEX 200,1.8161891889057775
2020/12,,,,,,,262.2,37.1,15.2,7.2,17.2,21.09,2.32,9.75,2.06,564882,A034220.KS,LG디스플레이,
2021/12,2796048.0,516339.0,399075.0,4266212.0,1217212.0,3048999.0,247.6,39.9,18.5,9.9,23.9,13.55,1.90,7.24,1.80,728698,A034220.KS,LG디스플레이,13.088721905123615
2022/12,3022314.0,433766.0,556541.0,4484245.0,936749.0,3547496.0,278.9,26.4,14.4,12.7,25.9,6.86,1.24,4.00,1.09,910900,A034220.KS,LG디스플레이,15.688277026950843
2023/12,2589355.0,65670.0,154871.0,4559060.0,922281.0,3636779.0,258.8,25.4,2.5,3.4,3.8,36.84,2.06,10.03,1.51,479071,A034220.KS,LG디스플레이,4.258466076712388
2024/03,719156.0,66060.0,67547.0,4708998.0,989837.0,3719161.0,255.0,26.6,9.2,5.8,8.7,,,,1.54,157408,A034220.KS,LG디스플레이,1.8161891889057775
2020/12,,,,,,,262.2,37.1,15.2,7.2,17.2,21.09,2.32,9.75,2.06,564882,A051900.KS,LG생활건강,
2021/12,2796048.0,516339.0,399075.0,4266212.0,1217212.0,3048999.0,247.6,39.9,18.5,9.9,23.9,13.55,1.90,7.24,1.80,728698,A051900.KS,LG생활건강,13.088721905123615
2022/12,3022314.0,433766.0,556541.0,4484245.0,936749.0,3547496.0,278.9,26.4,14.4,12.7,25.9,6.86,1.24,4.00,1.09,910900,A051900.KS,LG생활건강,15.688277026950843
2023/12,2589355.0,65670.0,154871.0,4559060.0,922281.0,3636779.0,258.8,25.4,2.5,3.4,3.8,36.84,2.06,10.03,1.51,479071,A051900.KS,LG생활건강,4.258466076712388
2024/03,719156.0,66060.0,67547.0,4708998.0,989837.0,3719161.0,255.0,26.6,9.2,5.8,8.7,,,,1.54,157408,A051900.KS,LG생활건강,1.8161891889057775
2020/12,,,,,,,262.2,37.1,15.2,7.2,17.2,21.09,2.32,9.75,2.06,564882,A450080.KS,에코프로머티,
2021/12,2796048.0,516339.0,399075.0,4266212.0,1217212.0,3048999.0,247.6,39.9,18.5,9.9,23.9,13.55,1.90,7.24,1.80,728698,A450080.KS,에코프로머티,13.088721905123615
2022/12,3022314.0,433766.0,556541.0,4484245.0,936749.0,3547496.0,278.9,26.4,14.4,12.7,25.9,6.86,1.24,4.00,1.09,910900,A450080.KS,에코프로머티,15.688277026950843
2023/12,2589355.0,65670.0,154871.0,4559060.0,922281.0,3636779.0,258.8,25.4,2.5,3.4,3.8,36.84,2.06,10.03,1.51,479071,A450080.KS,에코프로머티,4.258466076712388
2024/03,719156.0,66060.0,67547.0,4708998.0,989837.0,3719161.0,255.0,26.6,9.2,5.8,8.7,,,,1.54,157408,A450080.KS,에코프로머티,1.8161891889057775
2020/12,,,,,,,262.2,37.1,15.2,7.2,17.2,21.09,2.32,9.75,2.06,564882,A097950.KS,CJ제일제당,
2021/12,2796048.0,516339.0,399075.0,4266212.0,1217212.0,3048999.0,247.6,39.9,18.5,9.9,23.9,13.55,1.90,7.24,1.80,728698,A097950.KS,CJ제일제당,13.088721905123615
2022/12,3022314.0,433766.0,556541.0,4484245.0,936749.0,3547496.0,278.9,26.4,14.4,12.7,25.9,6.86,1.24,4.00,1.09,910900,A097950.KS,CJ제일제당,15.688277026950843
2023/12,2589355.0,65670.0,154871.0,4559060.0,922281.0,3636779.0,258.8,25.4,2.5,3.4,3.8,36.84,2.06,10.03,1.51,479071,A097950.KS,CJ제일제당,4.258466076712388
2024/03,719156.0,66060.0,67547.0,4708998.0,989837.0,3719161.0,255.0,26.6,9.2,5.8,8.7,,,,1.54,157408,A097950.KS,CJ제일제당,1.8161891889057775
2020/12,,,,,,,262.2,37.1,15.2,7.2,17.2,21.09,2.32,9.75,2.06,564882,A047810.KS,한국항공우주,
2021/12,2796048.0,516339.0,399075.0,4266212.0,1217212.0,3048999.0,247.6,39.9,18.5,9.9,23.9,13.55,1.90,7.24,1.80,728698,A047810.KS,한국항공우주,13.088721905123615
2022/12,3022314.0,433766.0,556541.0,4484245.0,936749.0,3547496.0,278.9,26.4,14.4,12.7,25.9,6.86,1.24,4.00,1.09,910900,A047810.KS,한국항공우주,15.688277026950843
2023/12,2589355.0,65670.0,154871.0,4559060.0,922281.0,3636779.0,258.8,25.4,2.5,3.4,3.8,36.84,2.06,10.03,1.51,479071,A047810.KS,한국항공우주,4.258466076712388
2024/03,719156.0,66060.0,67547.0,4708998.0,989837.0,3719161.0,255.0,26.6,9.2,5.8,8.7,,,,1.54,157408,A047810.KS,한국항공우주,1.8161891889057775
2020/12,,,,,,,262.2,37.1,15.2,7.2,17.2,21.09,2.32,9.75,2.06,564882,A088980.KS,맥쿼리인프라,
2021/12,2796048.0,516339.0,399075.0,4266212.0,1217212.0,3048999.0,247.6,39.9,18.5,9.9,23.9,13.55,1.90,7.24,1.80,728698,A088980.KS,맥쿼리인프라,13.088721905123615
2022/12,3022314.0,433766.0,556541.0,4484245.0,936749.0,3547496.0,278.9,26.4,14.4,12.7,25.9,6.86,1.24,4.00,1.09,910900,A088980.KS,맥쿼리인프라,15.688277026950843
2023/12,2589355.0,65670.0,154871.0,4559060.0,922281.0,3636779.0,258.8,25.4,2.5,3.4,3.8,36.84,2.06,10.03,1.51,479071,A088980.KS,맥쿼리인프라,4.258466076712388
2024/03,719156.0,66060.0,67547.0,4708998.0,989837.0,3719161.0,255.0,26.6,9.2,5.8,8.7,,,,1.54,157408,A088980.KS,맥쿼리인프라,1.8161891889057775
2020/12,,,,,,,262.2,37.1,15.2,7.2,17.2,21.09,2.32,9.75,2.06,564882,A028050.KS,삼성E&A,
2021/12,2796048.0,516339.0,399075.0,4266212.0,1217212.0,3048999.0,247.6,39.9,18.5,9.9,23.9,13.55,1.90,7.24,1.80,728698,A028050.KS,삼성E&A,13.088721905123615
2022/12,3022314.0,433766.0,556541.0,4484245.0,936749.0,3547496.0,278.9,26.4,14.4,12.7,25.9,6.86,1.24,4.00,1.09,910900,A028050.KS,삼성E&A,15.688277026950843
2023/12,2589355.0,65670.0,154871.0,4559060.0,922281.0,3636779.0,258.8,25.4,2.5,3.4,3.8,36.84,2.06,10.03,1.51,479071,A028050.KS,삼성E&A,4.258466076712388
2024/03,719156.0,66060.0,67547.0,4708998.0,989837.0,3719161.0,255.0,26.6,9.2,5.8,8.7,,,,1.54,157408,A028050.KS,삼성E&A,1.8161891889057775
2020/12,,,,,,,262.2,37.1,15.2,7.2,17.2,21.09,2.32,9.75,2.06,564882,A010120.KS,LS ELECTRIC,
2021/12,2796048.0,516339.0,399075.0,4266212.0,1217212.0,3048999.0,247.6,39.9,18.5,9.9,23.9,13.55,1.90,7.24,1.80,728698,A010120.KS,LS ELECTRIC,13.088721905123615
2022/12,3022314.0,433766.0,556541.0,4484245.0,936749.0,3547496.0,278.9,26.4,14.4,12.7,25.9,6.86,1.24,4.00,1.09,910900,A010120.KS,LS ELECTRIC,15.688277026950843
2023/12,2589355.0,65670.0,154871.0,4559060.0,922281.0,3636779.0,258.8,25.4,2.5,3.4,3.8,36.84,2.06,10.03,1.51,479071,A010120.KS,LS ELECTRIC,4.258466076712388
2024/03,719156.0,66060.0,67547.0,4708998.0,989837.0,3719161.0,255.0,26.6,9.2,5.8,8.7,,,,1.54,157408,A010120.KS,LS ELECTRIC,1.8161891889057775
2020/12,,,,,,,262.2,37.1,15.2,7.2,17.2,21.09,2.32,9.75,2.06,564882,A443060.KS,HD현대마린솔루션,
2021/12,2796048.0,516339.0,399075.0,4266212.0,1217212.0,3048999.0,247.6,39.9,18.5,9.9,23.9,13.55,1.90,7.24,1.80,728698,A443060.KS,HD현대마린솔루션,13.088721905123615
2022/12,3022314.0,433766.0,556541.0,4484245.0,936749.0,3547496.0,278.9,26.4,14.4,12.7,25.9,6.86,1.24,4.00,1.09,910900,A443060.KS,HD현대마린솔루션,15.688277026950843
2023/12,2589355.0,65670.0,154871.0,4559060.0,922281.0,3636779.0,258.8,25.4,2.5,3.4,3.8,36.84,2.06,10.03,1.51,479071,A443060.KS,HD현대마린솔루션,4.258466076712388
2024/03,719156.0,66060.0,67547.0,4708998.0,989837.0,3719161.0,255.0,26.6,9.2,5.8,8.7,,,,1.54,157408,A443060.KS,HD현대마린솔루션,1.8161891889057775
2020/12,,,,,,,262.2,37.1,15.2,7.2,17.2,21.09,2.32,9.75,2.06,564882,A064350.KS,현대로템,
2021/12,2796048.0,516339.0,399075.0,4266212.0,1217212.0,3048999.0,247.6,39.9,18.5,9.9,23.9,13.55,1.90,7.24,1.80,728698,A064350.KS,현대로템,13.088721905123615
2022/12,3022314.0,433766.0,556541.0,4484245.0,936749.0,3547496.0,278.9,26.4,14.4,12.7,25.9,6.86,1.24,4.00,1.09,910900,A064350.KS,현대로템,15.688277026950843
2023/12,2589355.0,65670.0,154871.0,4559060.0,922281.0,3636779.0,258.8,25.4,2.5,3.4,3.8,36.84,2.06,10.03,1.51,479071,A064350.KS,현대로템,4.258466076712388
2024/03,719156.0,66060.0,67547.0,4708998.0,989837.0,3719161.0,255.0,26.6,9.2,5.8,8.7,,,,1.54,157408,A064350.KS,현대로템,1.8161891889057775
2020/12,,,,,,,262.2,37.1,15.2,7.2,17.2,21.09,2.32,9.75,2.06,564882,A161390.KS,한국타이어앤테크놀로지,
2021/12,2796048.0,516339.0,399075.0,4266212.0,1217212.0,3048999.0,247.6,39.9,18.5,9.9,23.9,13.55,1.90,7.24,1.80,728698,A161390.KS,한국타이어앤테크놀로지,13.088721905123615
2022/12,3022314.0,433766.0,556541.0,4484245.0,936749.0,3547496.0,278.9,26.4,14.4,12.7,25.9,6.86,1.24,4.00,1.09,910900,A161390.KS,한국타이어앤테크놀로지,15.688277026950843
2023/12,2589355.0,65670.0,154871.0,4559060.0,922281.0,3636779.0,258.8,25.4,2.5,3.4,3.8,36.84,2.06,10.03,1.51,479071,A161390.KS,한국타이어앤테크놀로지,4.258466076712388
2024/03,719156.0,66060.0,67547.0,4708998.0,989837.0,3719161.0,255.0,26.6,9.2,5.8,8.7,,,,1.54,157408,A161390.KS,한국타이어앤테크놀로지,1.8161891889057775
2020/12,,,,,,,262.2,37.1,15.2,7.2,17.2,21.09,2.32,9.75,2.06,564882,A011790.KS,SKC,
2021/12,2796048.0,516339.0,399075.0,4266212.0,1217212.0,3048999.0,247.6,39.9,18.5,9.9,23.9,13.55,1.90,7.24,1.80,728698,A011790.KS,SKC,13.088721905123615
2022/12,3022314.0,433766.0,556541.0,4484245.0,936749.0,3547496.0,278.9,26.4,14.4,12.7,25.9,6.86,1.24,4.00,1.09,910900,A011790.KS,SKC,15.688277026950843
2023/12,2589355.0,65670.0,154871.0,4559060.0,922281.0,3636779.0,258.8,25.4,2.5,3.4,3.8,36.84,2.06,10.03,1.51,479071,A011790.KS,SKC,4.258466076712388
2024/03,719156.0,66060.0,67547.0,4708998.0,989837.0,3719161.0,255.0,26.6,9.2,5.8,8.7,,,,1.54,157408,A011790.KS,SKC,1.8161891889057775
2020/12,,,,,,,262.2,37.1,15.2,7.2,17.2,21.09,2.32,9.75,2.06,564882,A029780.KS,삼성카드,
2021/12,2796048.0,516339.0,399075.0,4266212.0,1217212.0,3048999.0,247.6,39.9,18.5,9.9,23.9,13.55,1.90,7.24,1.80,728698,A029780.KS,삼성카드,13.088721905123615
2022/12,3022314.0,433766.0,556541.0,4484245.0,936749.0,3547496.0,278.9,26.4,14.4,12.7,25.9,6.86,1.24,4.00,1.09,910900,A029780.KS,삼성카드,15.688277026950843
2023/12,2589355.0,65670.0,154871.0,4559060.0,922281.0,3636779.0,258.8,25.4,2.5,3.4,3.8,36.84,2.06,10.03,1.51,479071,A029780.KS,삼성카드,4.258466076712388
2024/03,719156.0,66060.0,67547.0,4708998.0,989837.0,3719161.0,255.0,26.6,9.2,5.8,8.7,,,,1.54,157408,A029780.KS,삼성카드,1.8161891889057775
2020/12,,,,,,,262.2,37.1,15.2,7.2,17.2,21.09,2.32,9.75,2.06,564882,A079550.KS,LIG넥스원,
2021/12,2796048.0,516339.0,399075.0,4266212.0,1217212.0,3048999.0,247.6,39.9,18.5,9.9,23.9,13.55,1.90,7.24,1.80,728698,A079550.KS,LIG넥스원,13.088721905123615
2022/12,3022314.0,433766.0,556541.0,4484245.0,936749.0,3547496.0,278.9,26.4,14.4,12.7,25.9,6.86,1.24,4.00,1.09,910900,A079550.KS,LIG넥스원,15.688277026950843
2023/12,2589355.0,65670.0,154871.0,4559060.0,922281.0,3636779.0,258.8,25.4,2.5,3.4,3.8,36.84,2.06,10.03,1.51,479071,A079550.KS,LIG넥스원,4.258466076712388
2024/03,719156.0,66060.0,67547.0,4708998.0,989837.0,3719161.0,255.0,26.6,9.2,5.8,8.7,,,,1.54,157408,A079550.KS,LIG넥스원,1.8161891889057775
2020/12,,,,,,,262.2,37.1,15.2,7.2,17.2,21.09,2.32,9.75,2.06,564882,A003230.KS,삼양식품,
2021/12,2796048.0,516339.0,399075.0,4266212.0,1217212.0,3048999.0,247.6,39.9,18.5,9.9,23.9,13.55,1.90,7.24,1.80,728698,A003230.KS,삼양식품,13.088721905123615
2022/12,3022314.0,433766.0,556541.0,4484245.0,936749.0,3547496.0,278.9,26.4,14.4,12.7,25.9,6.86,1.24,4.00,1.09,910900,A003230.KS,삼양식품,15.688277026950843
2023/12,2589355.0,65670.0,154871.0,4559060.0,922281.0,3636779.0,258.8,25.4,2.5,3.4,3.8,36.84,2.06,10.03,1.51,479071,A003230.KS,삼양식품,4.258466076712388
2024/03,719156.0,66060.0,67547.0,4708998.0,989837.0,3719161.0,255.0,26.6,9.2,5.8,8.7,,,,1.54,157408,A003230.KS,삼양식품,1.8161891889057775
2020/12,,,,,,,262.2,37.1,15.2,7.2,17.2,21.09,2.32,9.75,2.06,564882,A423160.KS,KODEX KOFR금리액티브(합성),
2021/12,2796048.0,516339.0,399075.0,4266212.0,1217212.0,3048999.0,247.6,39.9,18.5,9.9,23.9,13.55,1.90,7.24,1.80,728698,A423160.KS,KODEX KOFR금리액티브(합성),13.088721905123615
2022/12,3022314.0,433766.0,556541.0,4484245.0,936749.0,3547496.0,278.9,26.4,14.4,12.7,25.9,6.86,1.24,4.00,1.09,910900,A423160.KS,KODEX KOFR금리액티브(합성),15.688277026950843
2023/12,2589355.0,65670.0,154871.0,4559060.0,922281.0,3636779.0,258.8,25.4,2.5,3.4,3.8,36.84,2.06,10.03,1.51,479071,A423160.KS,KODEX KOFR금리액티브(합성),4.258466076712388
2024/03,719156.0,66060.0,67547.0,4708998.0,989837.0,3719161.0,255.0,26.6,9.2,5.8,8.7,,,,1.54,157408,A423160.KS,KODEX KOFR금리액티브(합성),1.8161891889057775
2020/12,,,,,,,262.2,37.1,15.2,7.2,17.2,21.09,2.32,9.75,2.06,564882,A005940.KS,NH투자증권,
2021/12,2796048.0,516339.0,399075.0,4266212.0,1217212.0,3048999.0,247.6,39.9,18.5,9.9,23.9,13.55,1.90,7.24,1.80,728698,A005940.KS,NH투자증권,13.088721905123615
2022/12,3022314.0,433766.0,556541.0,4484245.0,936749.0,3547496.0,278.9,26.4,14.4,12.7,25.9,6.86,1.24,4.00,1.09,910900,A005940.KS,NH투자증권,15.688277026950843
2023/12,2589355.0,65670.0,154871.0,4559060.0,922281.0,3636779.0,258.8,25.4,2.5,3.4,3.8,36.84,2.06,10.03,1.51,479071,A005940.KS,NH투자증권,4.258466076712388
2024/03,719156.0,66060.0,67547.0,4708998.0,989837.0,3719161.0,255.0,26.6,9.2,5.8,8.7,,,,1.54,157408,A005940.KS,NH투자증권,1.8161891889057775
2020/12,,,,,,,262.2,37.1,15.2,7.2,17.2,21.09,2.32,9.75,2.06,564882,A006800.KS,미래에셋증권,
2021/12,2796048.0,516339.0,399075.0,4266212.0,1217212.0,3048999.0,247.6,39.9,18.5,9.9,23.9,13.55,1.90,7.24,1.80,728698,A006800.KS,미래에셋증권,13.088721905123615
2022/12,3022314.0,433766.0,556541.0,4484245.0,936749.0,3547496.0,278.9,26.4,14.4,12.7,25.9,6.86,1.24,4.00,1.09,910900,A006800.KS,미래에셋증권,15.688277026950843
2023/12,2589355.0,65670.0,154871.0,4559060.0,922281.0,3636779.0,258.8,25.4,2.5,3.4,3.8,36.84,2.06,10.03,1.51,479071,A006800.KS,미래에셋증권,4.258466076712388
2024/03,719156.0,66060.0,67547.0,4708998.0,989837.0,3719161.0,255.0,26.6,9.2,5.8,8.7,,,,1.54,157408,A006800.KS,미래에셋증권,1.8161891889057775
2020/12,,,,,,,262.2,37.1,15.2,7.2,17.2,21.09,2.32,9.75,2.06,564882,A032640.KS,LG유플러스,
2021/12,2796048.0,516339.0,399075.0,4266212.0,1217212.0,3048999.0,247.6,39.9,18.5,9.9,23.9,13.55,1.90,7.24,1.80,728698,A032640.KS,LG유플러스,13.088721905123615
2022/12,3022314.0,433766.0,556541.0,4484245.0,936749.0,3547496.0,278.9,26.4,14.4,12.7,25.9,6.86,1.24,4.00,1.09,910900,A032640.KS,LG유플러스,15.688277026950843
2023/12,2589355.0,65670.0,154871.0,4559060.0,922281.0,3636779.0,258.8,25.4,2.5,3.4,3.8,36.84,2.06,10.03,1.51,479071,A032640.KS,LG유플러스,4.258466076712388
2024/03,719156.0,66060.0,67547.0,4708998.0,989837.0,3719161.0,255.0,26.6,9.2,5.8,8.7,,,,1.54,157408,A032640.KS,LG유플러스,1.8161891889057775
2020/12,,,,,,,262.2,37.1,15.2,7.2,17.2,21.09,2.32,9.75,2.06,564882,A307950.KS,현대오토에버,
2021/12,2796048.0,516339.0,399075.0,4266212.0,1217212.0,3048999.0,247.6,39.9,18.5,9.9,23.9,13.55,1.90,7.24,1.80,728698,A307950.KS,현대오토에버,13.088721905123615
2022/12,3022314.0,433766.0,556541.0,4484245.0,936749.0,3547496.0,278.9,26.4,14.4,12.7,25.9,6.86,1.24,4.00,1.09,910900,A307950.KS,현대오토에버,15.688277026950843
2023/12,2589355.0,65670.0,154871.0,4559060.0,922281.0,3636779.0,258.8,25.4,2.5,3.4,3.8,36.84,2.06,10.03,1.51,479071,A307950.KS,현대오토에버,4.258466076712388
2024/03,719156.0,66060.0,67547.0,4708998.0,989837.0,3719161.0,255.0,26.6,9.2,5.8,8.7,,,,1.54,157408,A307950.KS,현대오토에버,1.8161891889057775
2020/12,,,,,,,262.2,37.1,15.2,7.2,17.2,21.09,2.32,9.75,2.06,564882,A010620.KS,HD현대미포,
2021/12,2796048.0,516339.0,399075.0,4266212.0,1217212.0,3048999.0,247.6,39.9,18.5,9.9,23.9,13.55,1.90,7.24,1.80,728698,A010620.KS,HD현대미포,13.088721905123615
2022/12,3022314.0,433766.0,556541.0,4484245.0,936749.0,3547496.0,278.9,26.4,14.4,12.7,25.9,6.86,1.24,4.00,1.09,910900,A010620.KS,HD현대미포,15.688277026950843
2023/12,2589355.0,65670.0,154871.0,4559060.0,922281.0,3636779.0,258.8,25.4,2.5,3.4,3.8,36.84,2.06,10.03,1.51,479071,A010620.KS,HD현대미포,4.258466076712388
2024/03,719156.0,66060.0,67547.0,4708998.0,989837.0,3719161.0,255.0,26.6,9.2,5.8,8.7,,,,1.54,157408,A010620.KS,HD현대미포,1.8161891889057775
2020/12,,,,,,,262.2,37.1,15.2,7.2,17.2,21.09,2.32,9.75,2.06,564882,A302440.KS,SK바이오사이언스,
2021/12,2796048.0,516339.0,399075.0,4266212.0,1217212.0,3048999.0,247.6,39.9,18.5,9.9,23.9,13.55,1.90,7.24,1.80,728698,A302440.KS,SK바이오사이언스,13.088721905123615
2022/12,3022314.0,433766.0,556541.0,4484245.0,936749.0,3547496.0,278.9,26.4,14.4,12.7,25.9,6.86,1.24,4.00,1.09,910900,A302440.KS,SK바이오사이언스,15.688277026950843
2023/12,2589355.0,65670.0,154871.0,4559060.0,922281.0,3636779.0,258.8,25.4,2.5,3.4,3.8,36.84,2.06,10.03,1.51,479071,A302440.KS,SK바이오사이언스,4.258466076712388
2024/03,719156.0,66060.0,67547.0,4708998.0,989837.0,3719161.0,255.0,26.6,9.2,5.8,8.7,,,,1.54,157408,A302440.KS,SK바이오사이언스,1.8161891889057775
2020/12,,,,,,,262.2,37.1,15.2,7.2,17.2,21.09,2.32,9.75,2.06,564882,A454910.KS,두산로보틱스,
2021/12,2796048.0,516339.0,399075.0,4266212.0,1217212.0,3048999.0,247.6,39.9,18.5,9.9,23.9,13.55,1.90,7.24,1.80,728698,A454910.KS,두산로보틱스,13.088721905123615
2022/12,3022314.0,433766.0,556541.0,4484245.0,936749.0,3547496.0,278.9,26.4,14.4,12.7,25.9,6.86,1.24,4.00,1.09,910900,A454910.KS,두산로보틱스,15.688277026950843
2023/12,2589355.0,65670.0,154871.0,4559060.0,922281.0,3636779.0,258.8,25.4,2.5,3.4,3.8,36.84,2.06,10.03,1.51,479071,A454910.KS,두산로보틱스,4.258466076712388
2024/03,719156.0,66060.0,67547.0,4708998.0,989837.0,3719161.0,255.0,26.6,9.2,5.8,8.7,,,,1.54,157408,A454910.KS,두산로보틱스,1.8161891889057775
2020/12,,,,,,,262.2,37.1,15.2,7.2,17.2,21.09,2.32,9.75,2.06,564882,A180640.KS,한진칼,
2021/12,2796048.0,516339.0,399075.0,4266212.0,1217212.0,3048999.0,247.6,39.9,18.5,9.9,23.9,13.55,1.90,7.24,1.80,728698,A180640.KS,한진칼,13.088721905123615
2022/12,3022314.0,433766.0,556541.0,4484245.0,936749.0,3547496.0,278.9,26.4,14.4,12.7,25.9,6.86,1.24,4.00,1.09,910900,A180640.KS,한진칼,15.688277026950843
2023/12,2589355.0,65670.0,154871.0,4559060.0,922281.0,3636779.0,258.8,25.4,2.5,3.4,3.8,36.84,2.06,10.03,1.51,479071,A180640.KS,한진칼,4.258466076712388
2024/03,719156.0,66060.0,67547.0,4708998.0,989837.0,3719161.0,255.0,26.6,9.2,5.8,8.7,,,,1.54,157408,A180640.KS,한진칼,1.8161891889057775
2020/12,,,,,,,262.2,37.1,15.2,7.2,17.2,21.09,2.32,9.75,2.06,564882,A078930.KS,GS,
2021/12,2796048.0,516339.0,399075.0,4266212.0,1217212.0,3048999.0,247.6,39.9,18.5,9.9,23.9,13.55,1.90,7.24,1.80,728698,A078930.KS,GS,13.088721905123615
2022/12,3022314.0,433766.0,556541.0,4484245.0,936749.0,3547496.0,278.9,26.4,14.4,12.7,25.9,6.86,1.24,4.00,1.09,910900,A078930.KS,GS,15.688277026950843
2023/12,2589355.0,65670.0,154871.0,4559060.0,922281.0,3636779.0,258.8,25.4,2.5,3.4,3.8,36.84,2.06,10.03,1.51,479071,A078930.KS,GS,4.258466076712388
2024/03,719156.0,66060.0,67547.0,4708998.0,989837.0,3719161.0,255.0,26.6,9.2,5.8,8.7,,,,1.54,157408,A078930.KS,GS,1.8161891889057775
2020/12,,,,,,,262.2,37.1,15.2,7.2,17.2,21.09,2.32,9.75,2.06,564882,A022100.KS,포스코DX,
2021/12,2796048.0,516339.0,399075.0,4266212.0,1217212.0,3048999.0,247.6,39.9,18.5,9.9,23.9,13.55,1.90,7.24,1.80,728698,A022100.KS,포스코DX,13.088721905123615
2022/12,3022314.0,433766.0,556541.0,4484245.0,936749.0,3547496.0,278.9,26.4,14.4,12.7,25.9,6.86,1.24,4.00,1.09,910900,A022100.KS,포스코DX,15.688277026950843
2023/12,2589355.0,65670.0,154871.0,4559060.0,922281.0,3636779.0,258.8,25.4,2.5,3.4,3.8,36.84,2.06,10.03,1.51,479071,A022100.KS,포스코DX,4.258466076712388
2024/03,719156.0,66060.0,67547.0,4708998.0,989837.0,3719161.0,255.0,26.6,9.2,5.8,8.7,,,,1.54,157408,A022100.KS,포스코DX,1.8161891889057775
2020/12,,,,,,,262.2,37.1,15.2,7.2,17.2,21.09,2.32,9.75,2.06,564882,A360750.KS,TIGER 미국S&P500,
2021/12,2796048.0,516339.0,399075.0,4266212.0,1217212.0,3048999.0,247.6,39.9,18.5,9.9,23.9,13.55,1.90,7.24,1.80,728698,A360750.KS,TIGER 미국S&P500,13.088721905123615
2022/12,3022314.0,433766.0,556541.0,4484245.0,936749.0,3547496.0,278.9,26.4,14.4,12.7,25.9,6.86,1.24,4.00,1.09,910900,A360750.KS,TIGER 미국S&P500,15.688277026950843
2023/12,2589355.0,65670.0,154871.0,4559060.0,922281.0,3636779.0,258.8,25.4,2.5,3.4,3.8,36.84,2.06,10.03,1.51,479071,A360750.KS,TIGER 미국S&P500,4.258466076712388
2024/03,719156.0,66060.0,67547.0,4708998.0,989837.0,3719161.0,255.0,26.6,9.2,5.8,8.7,,,,1.54,157408,A360750.KS,TIGER 미국S&P500,1.8161891889057775
2020/12,,,,,,,262.2,37.1,15.2,7.2,17.2,21.09,2.32,9.75,2.06,564882,A021240.KS,코웨이,
2021/12,2796048.0,516339.0,399075.0,4266212.0,1217212.0,3048999.0,247.6,39.9,18.5,9.9,23.9,13.55,1.90,7.24,1.80,728698,A021240.KS,코웨이,13.088721905123615
2022/12,3022314.0,433766.0,556541.0,4484245.0,936749.0,3547496.0,278.9,26.4,14.4,12.7,25.9,6.86,1.24,4.00,1.09,910900,A021240.KS,코웨이,15.688277026950843
2023/12,2589355.0,65670.0,154871.0,4559060.0,922281.0,3636779.0,258.8,25.4,2.5,3.4,3.8,36.84,2.06,10.03,1.51,479071,A021240.KS,코웨이,4.258466076712388
2024/03,719156.0,66060.0,67547.0,4708998.0,989837.0,3719161.0,255.0,26.6,9.2,5.8,8.7,,,,1.54,157408,A021240.KS,코웨이,1.8161891889057775
2020/12,,,,,,,262.2,37.1,15.2,7.2,17.2,21.09,2.32,9.75,2.06,564882,A462870.KS,시프트업,
2021/12,2796048.0,516339.0,399075.0,4266212.0,1217212.0,3048999.0,247.6,39.9,18.5,9.9,23.9,13.55,1.90,7.24,1.80,728698,A462870.KS,시프트업,13.088721905123615
2022/12,3022314.0,433766.0,556541.0,4484245.0,936749.0,3547496.0,278.9,26.4,14.4,12.7,25.9,6.86,1.24,4.00,1.09,910900,A462870.KS,시프트업,15.688277026950843
2023/12,2589355.0,65670.0,154871.0,4559060.0,922281.0,3636779.0,258.8,25.4,2.5,3.4,3.8,36.84,2.06,10.03,1.51,479071,A462870.KS,시프트업,4.258466076712388
2024/03,719156.0,66060.0,67547.0,4708998.0,989837.0,3719161.0,255.0,26.6,9.2,5.8,8.7,,,,1.54,157408,A462870.KS,시프트업,1.8161891889057775
2020/12,,,,,,,262.2,37.1,15.2,7.2,17.2,21.09,2.32,9.75,2.06,564882,A009830.KS,한화솔루션,
2021/12,2796048.0,516339.0,399075.0,4266212.0,1217212.0,3048999.0,247.6,39.9,18.5,9.9,23.9,13.55,1.90,7.24,1.80,728698,A009830.KS,한화솔루션,13.088721905123615
2022/12,3022314.0,433766.0,556541.0,4484245.0,936749.0,3547496.0,278.9,26.4,14.4,12.7,25.9,6.86,1.24,4.00,1.09,910900,A009830.KS,한화솔루션,15.688277026950843
2023/12,2589355.0,65670.0,154871.0,4559060.0,922281.0,3636779.0,258.8,25.4,2.5,3.4,3.8,36.84,2.06,10.03,1.51,479071,A009830.KS,한화솔루션,4.258466076712388
2024/03,719156.0,66060.0,67547.0,4708998.0,989837.0,3719161.0,255.0,26.6,9.2,5.8,8.7,,,,1.54,157408,A009830.KS,한화솔루션,1.8161891889057775
2020/12,,,,,,,262.2,37.1,15.2,7.2,17.2,21.09,2.32,9.75,2.06,564882,A011170.KS,롯데케미칼,
2021/12,2796048.0,516339.0,399075.0,4266212.0,1217212.0,3048999.0,247.6,39.9,18.5,9.9,23.9,13.55,1.90,7.24,1.80,728698,A011170.KS,롯데케미칼,13.088721905123615
2022/12,3022314.0,433766.0,556541.0,4484245.0,936749.0,3547496.0,278.9,26.4,14.4,12.7,25.9,6.86,1.24,4.00,1.09,910900,A011170.KS,롯데케미칼,15.688277026950843
2023/12,2589355.0,65670.0,154871.0,4559060.0,922281.0,3636779.0,258.8,25.4,2.5,3.4,3.8,36.84,2.06,10.03,1.51,479071,A011170.KS,롯데케미칼,4.258466076712388
2024/03,719156.0,66060.0,67547.0,4708998.0,989837.0,3719161.0,255.0,26.6,9.2,5.8,8.7,,,,1.54,157408,A011170.KS,롯데케미칼,1.8161891889057775
2020/12,,,,,,,262.2,37.1,15.2,7.2,17.2,21.09,2.32,9.75,2.06,564882,A036460.KS,한국가스공사,
2021/12,2796048.0,516339.0,399075.0,4266212.0,1217212.0,3048999.0,247.6,39.9,18.5,9.9,23.9,13.55,1.90,7.24,1.80,728698,A036460.KS,한국가스공사,13.088721905123615
2022/12,3022314.0,433766.0,556541.0,4484245.0,936749.0,3547496.0,278.9,26.4,14.4,12.7,25.9,6.86,1.24,4.00,1.09,910900,A036460.KS,한국가스공사,15.688277026950843
2023/12,2589355.0,65670.0,154871.0,4559060.0,922281.0,3636779.0,258.8,25.4,2.5,3.4,3.8,36.84,2.06,10.03,1.51,479071,A036460.KS,한국가스공사,4.258466076712388
2024/03,719156.0,66060.0,67547.0,4708998.0,989837.0,3719161.0,255.0,26.6,9.2,5.8,8.7,,,,1.54,157408,A036460.KS,한국가스공사,1.8161891889057775
2020/12,,,,,,,262.2,37.1,15.2,7.2,17.2,21.09,2.32,9.75,2.06,564882,A005385.KS,현대차우,
2021/12,2796048.0,516339.0,399075.0,4266212.0,1217212.0,3048999.0,247.6,39.9,18.5,9.9,23.9,13.55,1.90,7.24,1.80,728698,A005385.KS,현대차우,13.088721905123615
2022/12,3022314.0,433766.0,556541.0,4484245.0,936749.0,3547496.0,278.9,26.4,14.4,12.7,25.9,6.86,1.24,4.00,1.09,910900,A005385.KS,현대차우,15.688277026950843
2023/12,2589355.0,65670.0,154871.0,4559060.0,922281.0,3636779.0,258.8,25.4,2.5,3.4,3.8,36.84,2.06,10.03,1.51,479071,A005385.KS,현대차우,4.258466076712388
2024/03,719156.0,66060.0,67547.0,4708998.0,989837.0,3719161.0,255.0,26.6,9.2,5.8,8.7,,,,1.54,157408,A005385.KS,현대차우,1.8161891889057775
2020/12,,,,,,,262.2,37.1,15.2,7.2,17.2,21.09,2.32,9.75,2.06,564882,A449170.KS,TIGER KOFR금리액티브(합성),
2021/12,2796048.0,516339.0,399075.0,4266212.0,1217212.0,3048999.0,247.6,39.9,18.5,9.9,23.9,13.55,1.90,7.24,1.80,728698,A449170.KS,TIGER KOFR금리액티브(합성),13.088721905123615
2022/12,3022314.0,433766.0,556541.0,4484245.0,936749.0,3547496.0,278.9,26.4,14.4,12.7,25.9,6.86,1.24,4.00,1.09,910900,A449170.KS,TIGER KOFR금리액티브(합성),15.688277026950843
2023/12,2589355.0,65670.0,154871.0,4559060.0,922281.0,3636779.0,258.8,25.4,2.5,3.4,3.8,36.84,2.06,10.03,1.51,479071,A449170.KS,TIGER KOFR금리액티브(합성),4.258466076712388
2024/03,719156.0,66060.0,67547.0,4708998.0,989837.0,3719161.0,255.0,26.6,9.2,5.8,8.7,,,,1.54,157408,A449170.KS,TIGER KOFR금리액티브(합성),1.8161891889057775
2020/12,,,,,,,262.2,37.1,15.2,7.2,17.2,21.09,2.32,9.75,2.06,564882,A071050.KS,한국금융지주,
2021/12,2796048.0,516339.0,399075.0,4266212.0,1217212.0,3048999.0,247.6,39.9,18.5,9.9,23.9,13.55,1.90,7.24,1.80,728698,A071050.KS,한국금융지주,13.088721905123615
2022/12,3022314.0,433766.0,556541.0,4484245.0,936749.0,3547496.0,278.9,26.4,14.4,12.7,25.9,6.86,1.24,4.00,1.09,910900,A071050.KS,한국금융지주,15.688277026950843
2023/12,2589355.0,65670.0,154871.0,4559060.0,922281.0,3636779.0,258.8,25.4,2.5,3.4,3.8,36.84,2.06,10.03,1.51,479071,A071050.KS,한국금융지주,4.258466076712388
2024/03,719156.0,66060.0,67547.0,4708998.0,989837.0,3719161.0,255.0,26.6,9.2,5.8,8.7,,,,1.54,157408,A071050.KS,한국금융지주,1.8161891889057775
2020/12,,,,,,,262.2,37.1,15.2,7.2,17.2,21.09,2.32,9.75,2.06,564882,A036570.KS,엔씨소프트,
2021/12,2796048.0,516339.0,399075.0,4266212.0,1217212.0,3048999.0,247.6,39.9,18.5,9.9,23.9,13.55,1.90,7.24,1.80,728698,A036570.KS,엔씨소프트,13.088721905123615
2022/12,3022314.0,433766.0,556541.0,4484245.0,936749.0,3547496.0,278.9,26.4,14.4,12.7,25.9,6.86,1.24,4.00,1.09,910900,A036570.KS,엔씨소프트,15.688277026950843
2023/12,2589355.0,65670.0,154871.0,4559060.0,922281.0,3636779.0,258.8,25.4,2.5,3.4,3.8,36.84,2.06,10.03,1.51,479071,A036570.KS,엔씨소프트,4.258466076712388
2024/03,719156.0,66060.0,67547.0,4708998.0,989837.0,3719161.0,255.0,26.6,9.2,5.8,8.7,,,,1.54,157408,A036570.KS,엔씨소프트,1.8161891889057775
2020/12,,,,,,,262.2,37.1,15.2,7.2,17.2,21.09,2.32,9.75,2.06,564882,A016360.KS,삼성증권,
2021/12,2796048.0,516339.0,399075.0,4266212.0,1217212.0,3048999.0,247.6,39.9,18.5,9.9,23.9,13.55,1.90,7.24,1.80,728698,A016360.KS,삼성증권,13.088721905123615
2022/12,3022314.0,433766.0,556541.0,4484245.0,936749.0,3547496.0,278.9,26.4,14.4,12.7,25.9,6.86,1.24,4.00,1.09,910900,A016360.KS,삼성증권,15.688277026950843
2023/12,2589355.0,65670.0,154871.0,4559060.0,922281.0,3636779.0,258.8,25.4,2.5,3.4,3.8,36.84,2.06,10.03,1.51,479071,A016360.KS,삼성증권,4.258466076712388
2024/03,719156.0,66060.0,67547.0,4708998.0,989837.0,3719161.0,255.0,26.6,9.2,5.8,8.7,,,,1.54,157408,A016360.KS,삼성증권,1.8161891889057775
